{
    "annotations": {
        "list": [
            {
                "builtIn": 1,
                "datasource": "-- Grafana --",
                "enable": true,
                "hide": true,
                "iconColor": "rgba(0, 211, 255, 1)",
                "name": "Annotations & Alerts",
                "type": "dashboard"
            }
        ]
    },
    "description": "Operational metrics to indicate Cluster GitOps health",
    "editable": true,
    "gnetId": null,
    "graphTooltip": 0,
    "id": 7,
    "iteration": 1650986883263,
    "links": [],
    "panels": [
        {
            "datasource": null,
            "description": "Shows the status of the GitOps component for each cluster.",
            "fieldConfig": {
                "defaults": {
                    "color": {
                        "mode": "thresholds"
                    },
                    "custom": {
                        "align": "left",
                        "displayMode": "color-text",
                        "filterable": false
                    },
                    "mappings": [
                        {
                            "from": "",
                            "id": 1,
                            "text": "enabled",
                            "to": "",
                            "type": 1,
                            "value": "1"
                        },
                        {
                            "from": "",
                            "id": 2,
                            "text": "disabled",
                            "to": "",
                            "type": 1,
                            "value": "0"
                        }
                    ],
                    "thresholds": {
                        "mode": "absolute",
                        "steps": [
                            {
                                "color": "rgb(219, 213, 213)",
                                "value": null
                            },
                            {
                                "color": "red",
                                "value": 0
                            },
                            {
                                "color": "green",
                                "value": 1
                            }
                        ]
                    }
                },
                "overrides": []
            },
            "gridPos": {
                "h": 5,
                "w": 23,
                "x": 0,
                "y": 0
            },
            "id": 13,
            "options": {
                "showHeader": true
            },
            "pluginVersion": "7.5.13",
            "targets": [
                {
                    "exemplar": false,
                    "expr": "gitops_enabled",
                    "format": "table",
                    "instant": true,
                    "interval": "",
                    "legendFormat": "",
                    "refId": "A"
                }
            ],
            "title": "GitOps Status",
            "transformations": [
                {
                    "id": "labelsToFields",
                    "options": {}
                },
                {
                    "id": "filterFieldsByName",
                    "options": {
                        "include": {
                            "names": ["cluster_name", "Value"]
                        }
                    }
                },
                {
                    "id": "renameByRegex",
                    "options": {
                        "regex": "cluster_name",
                        "renamePattern": "Cluster"
                    }
                },
                {
                    "id": "renameByRegex",
                    "options": {
                        "regex": "Value",
                        "renamePattern": "Status"
                    }
                }
            ],
            "type": "table"
        },
        {
            "aliasColors": {},
            "bars": false,
            "dashLength": 10,
            "dashes": false,
            "datasource": null,
            "description": "Accepted admission requests for each cluster. This is the rate at which operations are processed by the GitOps relay and sent to TSB.",
            "fieldConfig": {
                "defaults": {},
                "overrides": []
            },
            "fill": 1,
            "fillGradient": 0,
            "gridPos": {
                "h": 8,
                "w": 7,
                "x": 0,
                "y": 5
            },
            "hiddenSeries": false,
            "id": 2,
            "legend": {
                "avg": false,
                "current": false,
                "max": false,
                "min": false,
                "show": true,
                "total": false,
                "values": false
            },
            "lines": true,
            "linewidth": 1,
            "nullPointMode": "null",
            "options": {
                "alertThreshold": true
            },
            "percentage": false,
            "pluginVersion": "7.5.13",
            "pointradius": 2,
            "points": false,
            "renderer": "flot",
            "seriesOverrides": [],
            "spaceLength": 10,
            "stack": false,
            "steppedLine": false,
            "targets": [
                {
                    "exemplar": false,
                    "expr": "sum(rate(gitops_admission_count{allowed=\"true\"}[$gitopsInterval])) by (cluster_name)",
                    "interval": "",
                    "legendFormat": "{{cluster_name}}",
                    "refId": "A"
                }
            ],
            "thresholds": [],
            "timeFrom": null,
            "timeRegions": [],
            "timeShift": null,
            "title": "Accepted Admission Requests",
            "tooltip": {
                "shared": true,
                "sort": 0,
                "value_type": "individual"
            },
            "type": "graph",
            "xaxis": {
                "buckets": null,
                "mode": "time",
                "name": null,
                "show": true,
                "values": []
            },
            "yaxes": [
                {
                    "$$hashKey": "object:427",
                    "format": "ops",
                    "label": null,
                    "logBase": 1,
                    "max": null,
                    "min": null,
                    "show": true
                },
                {
                    "$$hashKey": "object:428",
                    "format": "short",
                    "label": null,
                    "logBase": 1,
                    "max": null,
                    "min": null,
                    "show": true
                }
            ],
            "yaxis": {
                "align": false,
                "alignLevel": null
            }
        },
        {
            "aliasColors": {},
            "bars": false,
            "dashLength": 10,
            "dashes": false,
            "datasource": null,
            "description": "Rejected admission requests for each cluster. This is the rate at which operations are processed by the GitOps relay and sent to TSB.\n\nA spike in these metrics may indicate an increase in invalid TSB resources being applied to the Kubernetes clusters, or error in the admission webhook processing.",
            "fieldConfig": {
                "defaults": {},
                "overrides": []
            },
            "fill": 1,
            "fillGradient": 0,
            "gridPos": {
                "h": 8,
                "w": 7,
                "x": 7,
                "y": 5
            },
            "hiddenSeries": false,
            "id": 3,
            "legend": {
                "avg": false,
                "current": false,
                "max": false,
                "min": false,
                "show": true,
                "total": false,
                "values": false
            },
            "lines": true,
            "linewidth": 1,
            "nullPointMode": "null",
            "options": {
                "alertThreshold": true
            },
            "percentage": false,
            "pluginVersion": "7.5.13",
            "pointradius": 2,
            "points": false,
            "renderer": "flot",
            "seriesOverrides": [],
            "spaceLength": 10,
            "stack": false,
            "steppedLine": false,
            "targets": [
                {
                    "exemplar": false,
                    "expr": "sum(rate(gitops_admission_count{allowed=\"false\"}[$gitopsInterval])) by (cluster_name)",
                    "interval": "",
                    "legendFormat": "{{cluster_name}}",
                    "refId": "A"
                }
            ],
            "thresholds": [],
            "timeFrom": null,
            "timeRegions": [],
            "timeShift": null,
            "title": "Rejected Admission Requests",
            "tooltip": {
                "shared": true,
                "sort": 0,
                "value_type": "individual"
            },
            "type": "graph",
            "xaxis": {
                "buckets": null,
                "mode": "time",
                "name": null,
                "show": true,
                "values": []
            },
            "yaxes": [
                {
                    "$$hashKey": "object:427",
                    "format": "ops",
                    "label": null,
                    "logBase": 1,
                    "max": null,
                    "min": null,
                    "show": true
                },
                {
                    "$$hashKey": "object:428",
                    "format": "short",
                    "label": null,
                    "logBase": 1,
                    "max": null,
                    "min": null,
                    "show": true
                }
            ],
            "yaxis": {
                "align": false,
                "alignLevel": null
            }
        },
        {
            "aliasColors": {},
            "bars": false,
            "dashLength": 10,
            "dashes": false,
            "datasource": null,
            "description": "Admission review latency percentiles grouped by cluster.\n\nThe GitOps admission reviews make decisions by forwarding the objects to the Management Plane. This metric helps understand the time it takes to make such decisions.\n\nA spike here may indicate network issues or connectivity issues between the Control Plane and the Management Plane.",
            "fieldConfig": {
                "defaults": {},
                "overrides": []
            },
            "fill": 1,
            "fillGradient": 0,
            "gridPos": {
                "h": 8,
                "w": 9,
                "x": 14,
                "y": 5
            },
            "hiddenSeries": false,
            "id": 11,
            "legend": {
                "avg": false,
                "current": false,
                "max": false,
                "min": false,
                "show": true,
                "total": false,
                "values": false
            },
            "lines": true,
            "linewidth": 1,
            "nullPointMode": "null",
            "options": {
                "alertThreshold": true
            },
            "percentage": false,
            "pluginVersion": "7.5.13",
            "pointradius": 2,
            "points": false,
            "renderer": "flot",
            "seriesOverrides": [],
            "spaceLength": 10,
            "stack": false,
            "steppedLine": false,
            "targets": [
                {
                    "exemplar": false,
                    "expr": "histogram_quantile(0.99, sum(rate(gitops_admission_duration_bucket{}[$gitopsInterval])) by (cluster_name, le))",
                    "interval": "",
                    "legendFormat": "{{cluster_name}} P99",
                    "refId": "A"
                },
                {
                    "exemplar": false,
                    "expr": "histogram_quantile(0.95, sum(rate(gitops_admission_duration_bucket{}[$gitopsInterval])) by (cluster_name, le))",
                    "hide": false,
                    "interval": "",
                    "legendFormat": "{{cluster_name}} P95",
                    "refId": "B"
                }
            ],
            "thresholds": [],
            "timeFrom": null,
            "timeRegions": [],
            "timeShift": null,
            "title": "Admission Review Latency",
            "tooltip": {
                "shared": true,
                "sort": 0,
                "value_type": "individual"
            },
            "type": "graph",
            "xaxis": {
                "buckets": null,
                "mode": "time",
                "name": null,
                "show": true,
                "values": []
            },
            "yaxes": [
                {
                    "$$hashKey": "object:4841",
                    "format": "ms",
                    "label": null,
                    "logBase": 1,
                    "max": null,
                    "min": "0",
                    "show": true
                },
                {
                    "$$hashKey": "object:4842",
                    "format": "short",
                    "label": null,
                    "logBase": 1,
                    "max": null,
                    "min": null,
                    "show": true
                }
            ],
            "yaxis": {
                "align": false,
                "alignLevel": null
            }
        },
        {
            "aliasColors": {},
            "bars": false,
            "dashLength": 10,
            "dashes": false,
            "datasource": null,
            "description": "Number of resources pushed to the Management Plane.\n\nThis should be equivalent to the admission requests in most cases, but this will also account for object pushes that are done by the background reconcile processes.",
            "fieldConfig": {
                "defaults": {},
                "overrides": []
            },
            "fill": 1,
            "fillGradient": 0,
            "gridPos": {
                "h": 8,
                "w": 12,
                "x": 0,
                "y": 13
            },
            "hiddenSeries": false,
            "id": 5,
            "legend": {
                "avg": false,
                "current": false,
                "max": false,
                "min": false,
                "show": true,
                "total": false,
                "values": false
            },
            "lines": true,
            "linewidth": 1,
            "nullPointMode": "null",
            "options": {
                "alertThreshold": true
            },
            "percentage": false,
            "pluginVersion": "7.5.13",
            "pointradius": 2,
            "points": false,
            "renderer": "flot",
            "seriesOverrides": [],
            "spaceLength": 10,
            "stack": false,
            "steppedLine": false,
            "targets": [
                {
                    "exemplar": false,
                    "expr": "sum(rate(gitops_push_count{success=\"true\"}[$gitopsInterval])) by (cluster_name)",
                    "interval": "",
                    "legendFormat": "{{cluster_name}}",
                    "refId": "A"
                }
            ],
            "thresholds": [],
            "timeFrom": null,
            "timeRegions": [],
            "timeShift": null,
            "title": "Resources Pushed to TSB",
            "tooltip": {
                "shared": true,
                "sort": 0,
                "value_type": "individual"
            },
            "type": "graph",
            "xaxis": {
                "buckets": null,
                "mode": "time",
                "name": null,
                "show": true,
                "values": []
            },
            "yaxes": [
                {
                    "$$hashKey": "object:427",
                    "format": "opm",
                    "label": null,
                    "logBase": 1,
                    "max": null,
                    "min": null,
                    "show": true
                },
                {
                    "$$hashKey": "object:428",
                    "format": "short",
                    "label": null,
                    "logBase": 1,
                    "max": null,
                    "min": null,
                    "show": true
                }
            ],
            "yaxis": {
                "align": false,
                "alignLevel": null
            }
        },
        {
            "aliasColors": {},
            "bars": false,
            "dashLength": 10,
            "dashes": false,
            "datasource": null,
            "description": "Number of resource pushes to the Management Plane that failed.\n\nThis should be equivalent to the failed admission requests in most cases, but this will also account for object pushes that are done by the background reconcile processes.",
            "fieldConfig": {
                "defaults": {},
                "overrides": []
            },
            "fill": 1,
            "fillGradient": 0,
            "gridPos": {
                "h": 8,
                "w": 11,
                "x": 12,
                "y": 13
            },
            "hiddenSeries": false,
            "id": 6,
            "legend": {
                "avg": false,
                "current": false,
                "max": false,
                "min": false,
                "show": true,
                "total": false,
                "values": false
            },
            "lines": true,
            "linewidth": 1,
            "nullPointMode": "null",
            "options": {
                "alertThreshold": true
            },
            "percentage": false,
            "pluginVersion": "7.5.13",
            "pointradius": 2,
            "points": false,
            "renderer": "flot",
            "seriesOverrides": [],
            "spaceLength": 10,
            "stack": false,
            "steppedLine": false,
            "targets": [
                {
                    "exemplar": false,
                    "expr": "sum(rate(gitops_push_count{success=\"false\"}[$gitopsInterval])) by (cluster_name)",
                    "interval": "",
                    "legendFormat": "{{cluster_name}}",
                    "refId": "A"
                }
            ],
            "thresholds": [],
            "timeFrom": null,
            "timeRegions": [],
            "timeShift": null,
            "title": "Failed pushes to TSB",
            "tooltip": {
                "shared": true,
                "sort": 0,
                "value_type": "individual"
            },
            "type": "graph",
            "xaxis": {
                "buckets": null,
                "mode": "time",
                "name": null,
                "show": true,
                "values": []
            },
            "yaxes": [
                {
                    "$$hashKey": "object:427",
                    "format": "ops",
                    "label": null,
                    "logBase": 1,
                    "max": null,
                    "min": null,
                    "show": true
                },
                {
                    "$$hashKey": "object:428",
                    "format": "short",
                    "label": null,
                    "logBase": 1,
                    "max": null,
                    "min": null,
                    "show": true
                }
            ],
            "yaxis": {
                "align": false,
                "alignLevel": null
            }
        },
        {
            "aliasColors": {},
            "bars": false,
            "dashLength": 10,
            "dashes": false,
            "datasource": null,
            "description": "Number of Kubernetes resources that have been read from the cluster and successfully converted into TSB objects to be pushed to the Management plane.\n\nThe values for this metric should be the same as the Pushed Objects. If there is a difference between them, it probably means some issue when converting the Kubernetes objects to TSB objects.",
            "fieldConfig": {
                "defaults": {},
                "overrides": []
            },
            "fill": 1,
            "fillGradient": 0,
            "gridPos": {
                "h": 8,
                "w": 12,
                "x": 0,
                "y": 21
            },
            "hiddenSeries": false,
            "id": 8,
            "legend": {
                "avg": false,
                "current": false,
                "max": false,
                "min": false,
                "show": true,
                "total": false,
                "values": false
            },
            "lines": true,
            "linewidth": 1,
            "nullPointMode": "null",
            "options": {
                "alertThreshold": true
            },
            "percentage": false,
            "pluginVersion": "7.5.13",
            "pointradius": 2,
            "points": false,
            "renderer": "flot",
            "seriesOverrides": [],
            "spaceLength": 10,
            "stack": false,
            "steppedLine": false,
            "targets": [
                {
                    "exemplar": false,
                    "expr": "sum(rate(gitops_convert_count{success=\"true\"}[$gitopsInterval])) by (cluster_name)",
                    "interval": "",
                    "legendFormat": "{{cluster_name}}",
                    "refId": "A"
                }
            ],
            "thresholds": [],
            "timeFrom": null,
            "timeRegions": [],
            "timeShift": null,
            "title": "Resources Conversions",
            "tooltip": {
                "shared": true,
                "sort": 0,
                "value_type": "individual"
            },
            "type": "graph",
            "xaxis": {
                "buckets": null,
                "mode": "time",
                "name": null,
                "show": true,
                "values": []
            },
            "yaxes": [
                {
                    "$$hashKey": "object:427",
                    "format": "ops",
                    "label": null,
                    "logBase": 1,
                    "max": null,
                    "min": null,
                    "show": true
                },
                {
                    "$$hashKey": "object:428",
                    "format": "short",
                    "label": null,
                    "logBase": 1,
                    "max": null,
                    "min": null,
                    "show": true
                }
            ],
            "yaxis": {
                "align": false,
                "alignLevel": null
            }
        },
        {
            "aliasColors": {},
            "bars": false,
            "dashLength": 10,
            "dashes": false,
            "datasource": null,
            "description": "Number of Kubernetes resources that have been read from the cluster and failed to be converted into TSB objects.\n\nA spike on this metric indicates that the Kubernetes objects could not be converted to TSB objects and that those resources were not sent to the Management Plane.",
            "fieldConfig": {
                "defaults": {},
                "overrides": []
            },
            "fill": 1,
            "fillGradient": 0,
            "gridPos": {
                "h": 8,
                "w": 11,
                "x": 12,
                "y": 21
            },
            "hiddenSeries": false,
            "id": 9,
            "legend": {
                "avg": false,
                "current": false,
                "max": false,
                "min": false,
                "show": true,
                "total": false,
                "values": false
            },
            "lines": true,
            "linewidth": 1,
            "nullPointMode": "null",
            "options": {
                "alertThreshold": true
            },
            "percentage": false,
            "pluginVersion": "7.5.13",
            "pointradius": 2,
            "points": false,
            "renderer": "flot",
            "seriesOverrides": [],
            "spaceLength": 10,
            "stack": false,
            "steppedLine": false,
            "targets": [
                {
                    "exemplar": false,
                    "expr": "sum(rate(gitops_convert_count{success=\"false\"}[$gitopsInterval])) by (cluster_name)",
                    "interval": "",
                    "legendFormat": "{{cluster_name}}",
                    "refId": "A"
                }
            ],
            "thresholds": [],
            "timeFrom": null,
            "timeRegions": [],
            "timeShift": null,
            "title": "Resources conversions errors",
            "tooltip": {
                "shared": true,
                "sort": 0,
                "value_type": "individual"
            },
            "type": "graph",
            "xaxis": {
                "buckets": null,
                "mode": "time",
                "name": null,
                "show": true,
                "values": []
            },
            "yaxes": [
                {
                    "$$hashKey": "object:427",
                    "format": "ops",
                    "label": null,
                    "logBase": 1,
                    "max": null,
                    "min": null,
                    "show": true
                },
                {
                    "$$hashKey": "object:428",
                    "format": "short",
                    "label": null,
                    "logBase": 1,
                    "max": null,
                    "min": null,
                    "show": true
                }
            ],
            "yaxis": {
                "align": false,
                "alignLevel": null
            }
        }
    ],
    "refresh": "1m",
    "schemaVersion": 27,
    "style": "dark",
    "tags": ["tsb", "gitops"],
    "templating": {
        "list": [
            {
                "auto": true,
                "auto_count": 30,
                "auto_min": "10s",
                "current": {
                    "selected": false,
                    "text": "1h",
                    "value": "1h"
                },
                "description": null,
                "error": null,
                "hide": 0,
                "label": "Time period between updates",
                "name": "gitopsInterval",
                "options": [
                    {
                        "selected": false,
                        "text": "auto",
                        "value": "$__auto_interval_gitopsInterval"
                    },
                    {
                        "selected": false,
                        "text": "1m",
                        "value": "1m"
                    },
                    {
                        "selected": false,
                        "text": "5m",
                        "value": "5m"
                    },
                    {
                        "selected": false,
                        "text": "10m",
                        "value": "10m"
                    },
                    {
                        "selected": false,
                        "text": "30m",
                        "value": "30m"
                    },
                    {
                        "selected": true,
                        "text": "1h",
                        "value": "1h"
                    },
                    {
                        "selected": false,
                        "text": "6h",
                        "value": "6h"
                    },
                    {
                        "selected": false,
                        "text": "12h",
                        "value": "12h"
                    },
                    {
                        "selected": false,
                        "text": "1d",
                        "value": "1d"
                    },
                    {
                        "selected": false,
                        "text": "7d",
                        "value": "7d"
                    }
                ],
                "query": "1m,5m,10m,30m,1h,6h,12h,1d,7d",
                "queryValue": "",
                "refresh": 2,
                "skipUrlSync": false,
                "type": "interval"
            }
        ]
    },
    "time": {
        "from": "now-3h",
        "to": "now"
    },
    "timepicker": {},
    "timezone": "utc",
    "title": "GitOps Operational Status",
    "uid": "cG1wcf87k",
    "version": 3
}
