{
    "annotations": {
        "list": [
            {
                "builtIn": 1,
                "datasource": "-- Grafana --",
                "enable": true,
                "hide": true,
                "iconColor": "rgba(0, 211, 255, 1)",
                "name": "Annotations & Alerts",
                "type": "dashboard"
            }
        ]
    },
    "description": "Operational metrics for istiod health.",
    "editable": true,
    "gnetId": null,
    "graphTooltip": 1,
    "id": 5,
    "iteration": 1619116413774,
    "links": [],
    "panels": [
        {
            "collapsed": false,
            "datasource": null,
            "gridPos": {
                "h": 1,
                "w": 24,
                "x": 0,
                "y": 0
            },
            "id": 639,
            "panels": [],
            "title": "At a Glance",
            "type": "row"
        },
        {
            "cacheTimeout": null,
            "colorBackground": false,
            "colorValue": false,
            "colors": ["#299c46", "rgba(237, 129, 40, 0.89)", "#d44a3a"],
            "datasource": null,
            "description": "Count of Envoys connected to istiod. This should represent the total number of endpoints in the selected cluster.\n\nIf this number significantly decreases for longer than 5 minutes without an obvious reason (e.g. a scale-down event) then you should investigate. This may indicate that Envoys have been disconnected from istiod and are unable to reconnect.",
            "fieldConfig": {
                "defaults": {
                    "custom": {}
                },
                "overrides": []
            },
            "format": "none",
            "gauge": {
                "maxValue": 100,
                "minValue": 0,
                "show": false,
                "thresholdLabels": false,
                "thresholdMarkers": true
            },
            "gridPos": {
                "h": 4,
                "w": 5,
                "x": 0,
                "y": 1
            },
            "id": 637,
            "interval": null,
            "links": [],
            "mappingType": 1,
            "mappingTypes": [
                {
                    "name": "value to text",
                    "value": 1
                },
                {
                    "name": "range to text",
                    "value": 2
                }
            ],
            "maxDataPoints": 100,
            "nullPointMode": "connected",
            "nullText": null,
            "postfix": "",
            "postfixFontSize": "50%",
            "prefix": "",
            "prefixFontSize": "50%",
            "rangeMaps": [
                {
                    "from": "null",
                    "text": "N/A",
                    "to": "null"
                }
            ],
            "sparkline": {
                "fillColor": "rgba(31, 118, 189, 0.18)",
                "full": false,
                "lineColor": "rgb(31, 120, 193)",
                "show": true,
                "ymax": null,
                "ymin": null
            },
            "tableColumn": "Count",
            "targets": [
                {
                    "expr": "sum(pilot_xds{cluster_name=\"$cluster\"})",
                    "legendFormat": "Count",
                    "refId": "A"
                }
            ],
            "thresholds": "",
            "timeFrom": null,
            "timeShift": null,
            "title": "Connected Envoys",
            "type": "singlestat",
            "valueFontSize": "80%",
            "valueMaps": [
                {
                    "op": "=",
                    "text": "N/A",
                    "value": "null"
                }
            ],
            "valueName": "current"
        },
        {
            "cacheTimeout": null,
            "colorBackground": true,
            "colorValue": false,
            "colors": ["#299c46", "rgba(237, 129, 40, 0.89)", "#d44a3a"],
            "datasource": null,
            "description": "The total error rate for Istio when configuring Envoy, including generation and transport errors.\n\nAny errors (current and historic) should be investigated using the more detailed split below.",
            "fieldConfig": {
                "defaults": {
                    "custom": {}
                },
                "overrides": []
            },
            "format": "cps",
            "gauge": {
                "maxValue": 100,
                "minValue": 0,
                "show": false,
                "thresholdLabels": false,
                "thresholdMarkers": true
            },
            "gridPos": {
                "h": 4,
                "w": 5,
                "x": 5,
                "y": 1
            },
            "id": 642,
            "interval": null,
            "links": [],
            "mappingType": 1,
            "mappingTypes": [
                {
                    "name": "value to text",
                    "value": 1
                },
                {
                    "name": "range to text",
                    "value": 2
                }
            ],
            "maxDataPoints": 100,
            "nullPointMode": "connected",
            "nullText": null,
            "postfix": "",
            "postfixFontSize": "50%",
            "prefix": "",
            "prefixFontSize": "50%",
            "rangeMaps": [
                {
                    "from": "null",
                    "text": "N/A",
                    "to": "null"
                }
            ],
            "sparkline": {
                "fillColor": "rgba(31, 118, 189, 0.18)",
                "full": false,
                "lineColor": "rgb(31, 120, 193)",
                "show": true,
                "ymax": null,
                "ymin": null
            },
            "tableColumn": "",
            "targets": [
                {
                    "expr": "sum(rate(pilot_xds_write_timeout{cluster_name=\"$cluster\"}[1m])) +\nsum(rate(pilot_total_xds_internal_errors{cluster_name=\"$cluster\"}[1m])) +\nsum(rate(pilot_total_xds_rejects{cluster_name=\"$cluster\"}[1m])) +\nsum(rate(pilot_xds_expired_nonce{cluster_name=\"$cluster\"}[1m])) +  \nsum(rate(pilot_xds_push_context_errors{cluster_name=\"$cluster\"}[1m])) +  \nsum(rate(pilot_xds_pushes{cluster_name=\"$cluster\", type=~\".*_senderr\"}[1m]))\nOR on() vector(0)",
                    "refId": "A"
                }
            ],
            "thresholds": "1,2",
            "timeFrom": null,
            "timeShift": null,
            "title": "Total Error Rate",
            "type": "singlestat",
            "valueFontSize": "80%",
            "valueMaps": [
                {
                    "op": "=",
                    "text": "0",
                    "value": "null"
                }
            ],
            "valueName": "current"
        },
        {
            "cacheTimeout": null,
            "colorBackground": true,
            "colorPrefix": false,
            "colorValue": false,
            "colors": ["#299c46", "rgba(237, 129, 40, 0.89)", "#d44a3a"],
            "datasource": null,
            "description": "The median (50th percentile) delay between istiod receiving configuration changes and the proxy receiving all required configuration in the selected cluster. This number indicates how stale the proxy configuration is. As this number increases, it may start to impact application traffic.\n\nThis number is typically in the hundreds of milliseconds. In small clusters, this number may be zero.\n\nIf this number creeps up to 30s for an extended period, istiod likely needs to be scaled out (or up).",
            "fieldConfig": {
                "defaults": {
                    "custom": {}
                },
                "overrides": []
            },
            "format": "dtdurations",
            "gauge": {
                "maxValue": 100,
                "minValue": 0,
                "show": false,
                "thresholdLabels": false,
                "thresholdMarkers": true
            },
            "gridPos": {
                "h": 4,
                "w": 5,
                "x": 10,
                "y": 1
            },
            "id": 641,
            "interval": null,
            "links": [],
            "mappingType": 1,
            "mappingTypes": [
                {
                    "$$hashKey": "object:189",
                    "name": "value to text",
                    "value": 1
                },
                {
                    "$$hashKey": "object:190",
                    "name": "range to text",
                    "value": 2
                }
            ],
            "maxDataPoints": 100,
            "nullPointMode": "connected",
            "nullText": null,
            "pluginVersion": "6.4.3",
            "postfix": "",
            "postfixFontSize": "50%",
            "prefix": "",
            "prefixFontSize": "50%",
            "rangeMaps": [
                {
                    "from": "null",
                    "text": "N/A",
                    "to": "null"
                }
            ],
            "sparkline": {
                "fillColor": "rgba(31, 118, 189, 0.18)",
                "full": false,
                "lineColor": "rgb(31, 120, 193)",
                "show": true,
                "ymax": null,
                "ymin": null
            },
            "tableColumn": "",
            "targets": [
                {
                    "expr": "histogram_quantile(0.5, sum(rate(pilot_proxy_convergence_time_bucket{cluster_name=\"$cluster\"}[1m])) by (le))",
                    "instant": false,
                    "refId": "A"
                }
            ],
            "thresholds": "15,30",
            "timeFrom": null,
            "timeShift": null,
            "title": "Median Proxy Convergence Time",
            "type": "singlestat",
            "valueFontSize": "80%",
            "valueMaps": [
                {
                    "$$hashKey": "object:192",
                    "op": "=",
                    "text": "",
                    "value": "null"
                }
            ],
            "valueName": "current"
        },
        {
            "collapsed": false,
            "datasource": null,
            "gridPos": {
                "h": 1,
                "w": 24,
                "x": 0,
                "y": 5
            },
            "id": 58,
            "panels": [],
            "title": "Istiod Push Information",
            "type": "row"
        },
        {
            "aliasColors": {},
            "bars": false,
            "dashLength": 10,
            "dashes": false,
            "datasource": null,
            "description": "The rate of istiod pushes to Envoy grouped by discovery service. Istiod pushes clusters (CDS), endpoints (EDS), listeners (LDS) or routes (RDS) any time it receives a configuration change. \n\nChanges are triggered by a user interacting with TSB or a change in infrastructure such as a new endpoint (service instance/pod) creation.\n\nIn small relatively static clusters these values can be zero most of the time.",
            "fieldConfig": {
                "defaults": {
                    "custom": {},
                    "links": []
                },
                "overrides": []
            },
            "fill": 1,
            "fillGradient": 0,
            "gridPos": {
                "h": 8,
                "w": 8,
                "x": 0,
                "y": 6
            },
            "hiddenSeries": false,
            "id": 632,
            "legend": {
                "avg": false,
                "current": false,
                "hideEmpty": true,
                "hideZero": true,
                "max": false,
                "min": false,
                "show": true,
                "total": false,
                "values": false
            },
            "lines": true,
            "linewidth": 1,
            "nullPointMode": "null as zero",
            "options": {
                "alertThreshold": true
            },
            "percentage": false,
            "pluginVersion": "7.3.4",
            "pointradius": 2,
            "points": false,
            "renderer": "flot",
            "seriesOverrides": [],
            "spaceLength": 10,
            "stack": false,
            "steppedLine": false,
            "targets": [
                {
                    "expr": "sum(irate(pilot_xds_pushes{cluster_name=\"$cluster\", type=~\"cds|eds|rds|lds\"}[1m])) by (type)",
                    "legendFormat": "{{type}}",
                    "refId": "A"
                }
            ],
            "thresholds": [],
            "timeFrom": null,
            "timeRegions": [],
            "timeShift": null,
            "title": "Istiod Push Rate",
            "tooltip": {
                "shared": true,
                "sort": 2,
                "value_type": "individual"
            },
            "type": "graph",
            "xaxis": {
                "buckets": null,
                "mode": "time",
                "name": null,
                "show": true,
                "values": []
            },
            "yaxes": [
                {
                    "$$hashKey": "object:242",
                    "format": "reqps",
                    "label": null,
                    "logBase": 1,
                    "max": null,
                    "min": "0",
                    "show": true
                },
                {
                    "$$hashKey": "object:243",
                    "format": "short",
                    "label": null,
                    "logBase": 1,
                    "max": null,
                    "min": null,
                    "show": true
                }
            ],
            "yaxis": {
                "align": false,
                "alignLevel": null
            }
        },
        {
            "aliasColors": {},
            "bars": false,
            "dashLength": 10,
            "dashes": false,
            "datasource": null,
            "description": "The different error rates for Istio during general operations. Including the generation and distribution of Envoy configuration.\n\n`pilot_xds_write_timeout`\nRate of connection timeouts between Envoy and istiod. This number indicates that an Envoy has taken too long to acknowledge a configuration change from Istio. An increase in these errors typically indicates network issues, envoy resource limits or istiod resource limits (usually cpu)\n\n`pilot_total_xds_internal_errors`\nRate of errors thrown inside istiod whilst generating Envoy configuration. Check the istiod logs for more details if you see internal errors.\n\n`pilot_total_xds_rejects`\nRate of rejected configuration from Envoy. Istio should never produce any invalid Envoy configuration so any errors here warrants investigation, starting with the istiod logs.\n\n`pilot_xds_expired_nonce`\nRate of expired nonces from Envoys. This number indicates that an Envoy has responded to the wrong request sent from Istio. An increase in these errors typically indicates network issues (saturation or partition), Envoy resource limits or istiod resource limits (usually cpu).\n\n`pilot_xds_push_context_errors`\nRate of errors setting a connection with an Envoy instance. An increase in these errors typically indicates network issues (saturation or partition), Envoy resource limits or istiod resource limits (usually cpu). Check istiod logs for further details.\n\n`pilot_xds_pushes`\nRate of transport errors sending configuration to Envoy.  An increase in these errors typically indicates network issues (saturation or partition), Envoy resource limits or istiod resource limits (usually cpu).",
            "fieldConfig": {
                "defaults": {
                    "custom": {},
                    "links": []
                },
                "overrides": []
            },
            "fill": 1,
            "fillGradient": 0,
            "gridPos": {
                "h": 8,
                "w": 8,
                "x": 8,
                "y": 6
            },
            "hiddenSeries": false,
            "id": 634,
            "legend": {
                "avg": false,
                "current": false,
                "hideEmpty": false,
                "hideZero": false,
                "max": false,
                "min": false,
                "show": true,
                "total": false,
                "values": false
            },
            "lines": true,
            "linewidth": 1,
            "nullPointMode": "null as zero",
            "options": {
                "alertThreshold": true
            },
            "percentage": false,
            "pluginVersion": "7.3.4",
            "pointradius": 2,
            "points": false,
            "renderer": "flot",
            "seriesOverrides": [],
            "spaceLength": 10,
            "stack": false,
            "steppedLine": false,
            "targets": [
                {
                    "expr": "sum(rate(pilot_xds_write_timeout{cluster_name=\"$cluster\"}[1m]))",
                    "legendFormat": "Write Timeouts",
                    "refId": "A"
                },
                {
                    "expr": "sum(rate(pilot_total_xds_internal_errors{cluster_name=\"$cluster\"}[1m]))",
                    "legendFormat": "Internal Errors",
                    "refId": "B"
                },
                {
                    "expr": "sum(rate(pilot_total_xds_rejects{cluster_name=\"$cluster\"}[1m]))",
                    "legendFormat": "Config Rejections",
                    "refId": "C"
                },
                {
                    "expr": "sum(rate(pilot_xds_expired_nonce{cluster_name=\"$cluster\"}[1m]))",
                    "legendFormat": "Expired Nonce",
                    "refId": "D"
                },
                {
                    "expr": "sum(rate(pilot_xds_push_context_errors{cluster_name=\"$cluster\"}[1m]))",
                    "legendFormat": "Push Context Errors",
                    "refId": "F"
                },
                {
                    "expr": "sum(rate(pilot_xds_pushes{cluster_name=\"$cluster\", type=~\".*_senderr\"}[1m])) by (type)",
                    "legendFormat": "Send Failures {{ type }}",
                    "refId": "E"
                }
            ],
            "thresholds": [],
            "timeFrom": null,
            "timeRegions": [],
            "timeShift": null,
            "title": "Istiod Error Rate",
            "tooltip": {
                "shared": true,
                "sort": 0,
                "value_type": "individual"
            },
            "type": "graph",
            "xaxis": {
                "buckets": null,
                "mode": "time",
                "name": null,
                "show": true,
                "values": []
            },
            "yaxes": [
                {
                    "$$hashKey": "object:318",
                    "format": "reqps",
                    "label": null,
                    "logBase": 1,
                    "max": null,
                    "min": "0",
                    "show": true
                },
                {
                    "$$hashKey": "object:319",
                    "format": "short",
                    "label": null,
                    "logBase": 1,
                    "max": null,
                    "min": null,
                    "show": true
                }
            ],
            "yaxis": {
                "align": false,
                "alignLevel": null
            }
        },
        {
            "aliasColors": {},
            "bars": false,
            "dashLength": 10,
            "dashes": false,
            "datasource": null,
            "description": "The delay between an istiod receiving configuration changes and a proxy receiving all required configuration in the cluster. Broken down by percentiles.\n\nThis number indicates how stale the proxy configuration is. As this number increases it may start to affect application traffic.\n\nThis number is typically in the hundreds of milliseconds. If this number creeps up to 30s for an extended period of time, it is likely that istiod needs to be scaled out (or up) as it is likely pinned up against its CPU limits.",
            "fieldConfig": {
                "defaults": {
                    "custom": {},
                    "links": []
                },
                "overrides": []
            },
            "fill": 1,
            "fillGradient": 0,
            "gridPos": {
                "h": 8,
                "w": 8,
                "x": 16,
                "y": 6
            },
            "hiddenSeries": false,
            "id": 635,
            "legend": {
                "avg": false,
                "current": false,
                "hideEmpty": false,
                "hideZero": false,
                "max": false,
                "min": false,
                "show": true,
                "total": false,
                "values": false
            },
            "lines": true,
            "linewidth": 1,
            "nullPointMode": "null as zero",
            "options": {
                "alertThreshold": true
            },
            "percentage": false,
            "pluginVersion": "7.3.4",
            "pointradius": 2,
            "points": false,
            "renderer": "flot",
            "seriesOverrides": [],
            "spaceLength": 10,
            "stack": false,
            "steppedLine": false,
            "targets": [
                {
                    "expr": "histogram_quantile(0.5, sum(rate(pilot_proxy_convergence_time_bucket{cluster_name=\"$cluster\"}[1m])) by (le))",
                    "legendFormat": "P50",
                    "refId": "B"
                },
                {
                    "expr": "histogram_quantile(0.90, sum(rate(pilot_proxy_convergence_time_bucket{cluster_name=\"$cluster\"}[1m])) by (le))",
                    "legendFormat": "P90",
                    "refId": "A"
                },
                {
                    "expr": "histogram_quantile(0.99, sum(rate(pilot_proxy_convergence_time_bucket{cluster_name=\"$cluster\"}[1m])) by (le))",
                    "legendFormat": "P99",
                    "refId": "C"
                },
                {
                    "expr": "histogram_quantile(0.999, sum(rate(pilot_proxy_convergence_time_bucket{cluster_name=\"$cluster\"}[1m])) by (le))",
                    "legendFormat": "P99.9",
                    "refId": "D"
                }
            ],
            "thresholds": [],
            "timeFrom": null,
            "timeRegions": [],
            "timeShift": null,
            "title": "Proxy Convergence Time",
            "tooltip": {
                "shared": true,
                "sort": 2,
                "value_type": "individual"
            },
            "type": "graph",
            "xaxis": {
                "buckets": null,
                "mode": "time",
                "name": null,
                "show": true,
                "values": []
            },
            "yaxes": [
                {
                    "format": "s",
                    "label": null,
                    "logBase": 1,
                    "max": null,
                    "min": "0",
                    "show": true
                },
                {
                    "format": "short",
                    "label": null,
                    "logBase": 1,
                    "max": null,
                    "min": null,
                    "show": true
                }
            ],
            "yaxis": {
                "align": false,
                "alignLevel": null
            }
        },
        {
            "collapsed": false,
            "datasource": null,
            "gridPos": {
                "h": 1,
                "w": 24,
                "x": 0,
                "y": 14
            },
            "id": 626,
            "panels": [],
            "title": "Webhooks",
            "type": "row"
        },
        {
            "aliasColors": {},
            "bars": false,
            "dashLength": 10,
            "dashes": false,
            "datasource": null,
            "description": "Success and failure rate of `istio` configuration validation requests. This is triggered when TSB configuration is created or updated.\n\nAny failures here should be investigated in the istiod and `edge` logs.\n\nIf there are TSB configuration changes being made that affect the selected cluster and the success number is zero then there is an issue with configuration propagation. Check the XCP `edge` logs to debug further.",
            "fieldConfig": {
                "defaults": {
                    "custom": {},
                    "links": []
                },
                "overrides": []
            },
            "fill": 1,
            "fillGradient": 0,
            "gridPos": {
                "h": 8,
                "w": 12,
                "x": 0,
                "y": 15
            },
            "hiddenSeries": false,
            "id": 629,
            "legend": {
                "avg": false,
                "current": false,
                "hideEmpty": false,
                "hideZero": false,
                "max": false,
                "min": false,
                "show": true,
                "total": false,
                "values": false
            },
            "lines": true,
            "linewidth": 1,
            "nullPointMode": "null as zero",
            "options": {
                "alertThreshold": true
            },
            "percentage": false,
            "pluginVersion": "7.3.4",
            "pointradius": 2,
            "points": false,
            "renderer": "flot",
            "seriesOverrides": [],
            "spaceLength": 10,
            "stack": false,
            "steppedLine": false,
            "targets": [
                {
                    "expr": "sum(rate(galley_validation_passed{cluster_name=\"$cluster\"}[1m]))",
                    "interval": "",
                    "legendFormat": "Validations (Success)",
                    "refId": "A"
                },
                {
                    "expr": "sum(rate(galley_validation_failed{cluster_name=\"$cluster\"}[1m]))",
                    "interval": "",
                    "legendFormat": "Validation (Failure)",
                    "refId": "B"
                }
            ],
            "thresholds": [],
            "timeFrom": null,
            "timeRegions": [],
            "timeShift": null,
            "title": "Configuration Validation",
            "tooltip": {
                "shared": true,
                "sort": 0,
                "value_type": "individual"
            },
            "type": "graph",
            "xaxis": {
                "buckets": null,
                "mode": "time",
                "name": null,
                "show": true,
                "values": []
            },
            "yaxes": [
                {
                    "$$hashKey": "object:122",
                    "format": "reqps",
                    "label": null,
                    "logBase": 1,
                    "max": null,
                    "min": "0",
                    "show": true
                },
                {
                    "$$hashKey": "object:123",
                    "format": "short",
                    "label": null,
                    "logBase": 1,
                    "max": null,
                    "min": null,
                    "show": true
                }
            ],
            "yaxis": {
                "align": false,
                "alignLevel": null
            }
        },
        {
            "aliasColors": {},
            "bars": false,
            "dashLength": 10,
            "dashes": false,
            "datasource": null,
            "description": "Rate of sidecar injection requests. Sidecar injection is triggered whenever a new instance/pod is created.\n\nAny errors displayed here should be investigated further by checking the istiod logs.",
            "fieldConfig": {
                "defaults": {
                    "custom": {},
                    "links": []
                },
                "overrides": []
            },
            "fill": 1,
            "fillGradient": 0,
            "gridPos": {
                "h": 8,
                "w": 12,
                "x": 12,
                "y": 15
            },
            "hiddenSeries": false,
            "id": 630,
            "legend": {
                "avg": false,
                "current": false,
                "hideZero": false,
                "max": false,
                "min": false,
                "show": true,
                "total": false,
                "values": false
            },
            "lines": true,
            "linewidth": 1,
            "nullPointMode": "null as zero",
            "options": {
                "alertThreshold": true
            },
            "percentage": false,
            "pluginVersion": "7.3.4",
            "pointradius": 2,
            "points": false,
            "renderer": "flot",
            "seriesOverrides": [],
            "spaceLength": 10,
            "stack": false,
            "steppedLine": false,
            "targets": [
                {
                    "expr": "sum(rate(sidecar_injection_success_total{cluster_name=\"$cluster\"}[1m]))",
                    "interval": "",
                    "legendFormat": "Injections (Success)",
                    "refId": "A"
                },
                {
                    "expr": "sum(rate(sidecar_injection_failure_total{cluster_name=\"$cluster\"}[1m]))",
                    "interval": "",
                    "legendFormat": "Injections (Failure)",
                    "refId": "B"
                }
            ],
            "thresholds": [],
            "timeFrom": null,
            "timeRegions": [],
            "timeShift": null,
            "title": "Sidecar Injection",
            "tooltip": {
                "shared": true,
                "sort": 0,
                "value_type": "individual"
            },
            "type": "graph",
            "xaxis": {
                "buckets": null,
                "mode": "time",
                "name": null,
                "show": true,
                "values": []
            },
            "yaxes": [
                {
                    "format": "reqps",
                    "label": null,
                    "logBase": 1,
                    "max": null,
                    "min": "0",
                    "show": true
                },
                {
                    "format": "short",
                    "label": null,
                    "logBase": 1,
                    "max": null,
                    "min": null,
                    "show": true
                }
            ],
            "yaxis": {
                "align": false,
                "alignLevel": null
            }
        }
    ],
    "refresh": "1m",
    "schemaVersion": 26,
    "style": "dark",
    "tags": ["tsb", "istiod"],
    "templating": {
        "list": [
            {
                "allValue": null,
                "current": {
                    "selected": false,
                    "text": "tsb-xcp0-prod",
                    "value": "tsb-xcp0-prod"
                },
                "datasource": "prometheus",
                "definition": "label_values(cluster_name)",
                "error": null,
                "hide": 0,
                "includeAll": false,
                "label": "Cluster",
                "multi": false,
                "name": "cluster",
                "options": [],
                "query": "label_values(cluster_name)",
                "refresh": 2,
                "regex": "",
                "skipUrlSync": false,
                "sort": 0,
                "tagValuesQuery": "",
                "tags": [],
                "tagsQuery": "",
                "type": "query",
                "useTags": false
            }
        ]
    },
    "time": {
        "from": "now-1h",
        "to": "now"
    },
    "timepicker": {
        "refresh_intervals": ["5s", "10s", "30s", "1m", "5m", "15m", "30m", "1h", "2h", "1d"],
        "time_options": ["5m", "15m", "1h", "6h", "12h", "24h", "2d", "7d", "30d"]
    },
    "timezone": "utc",
    "title": "Istio Operational Status",
    "uid": "NQHj7kVMz",
    "version": 1
}
