{
    "annotations": {
        "list": [
            {
                "builtIn": 1,
                "datasource": "-- Grafana --",
                "enable": true,
                "hide": true,
                "iconColor": "rgba(0, 211, 255, 1)",
                "name": "Annotations & Alerts",
                "type": "dashboard"
            }
        ]
    },
    "description": "Operational metrics to indicate Tetrate Service Bridge OAP stack health.",
    "editable": true,
    "gnetId": null,
    "graphTooltip": 0,
    "id": 8,
    "links": [],
    "panels": [
        {
            "aliasColors": {},
            "bars": false,
            "dashLength": 10,
            "dashes": false,
            "datasource": null,
            "description": "The request rate to OAP, by status.",
            "fieldConfig": {
                "defaults": {
                    "links": []
                },
                "overrides": []
            },
            "fill": 1,
            "fillGradient": 0,
            "gridPos": {
                "h": 9,
                "w": 12,
                "x": 0,
                "y": 0
            },
            "hiddenSeries": false,
            "id": 2,
            "legend": {
                "avg": false,
                "current": false,
                "max": false,
                "min": false,
                "show": true,
                "total": false,
                "values": false
            },
            "lines": true,
            "linewidth": 1,
            "nullPointMode": "null",
            "options": {
                "alertThreshold": true
            },
            "percentage": false,
            "pluginVersion": "7.5.13",
            "pointradius": 2,
            "points": false,
            "renderer": "flot",
            "seriesOverrides": [],
            "spaceLength": 10,
            "stack": false,
            "steppedLine": false,
            "targets": [
                {
                    "exemplar": true,
                    "expr": "sum by (envoy_response_code_class) (rate(envoy_cluster_upstream_rq_xx{envoy_cluster_name=\"oap-grpc\", plane=\"management\"}[1m]))",
                    "interval": "",
                    "legendFormat": "envoy_response_code_class={{envoy_response_code_class}}",
                    "refId": "A"
                }
            ],
            "thresholds": [],
            "timeFrom": null,
            "timeRegions": [],
            "timeShift": null,
            "title": "OAP Request Rate",
            "tooltip": {
                "shared": true,
                "sort": 0,
                "value_type": "individual"
            },
            "type": "graph",
            "xaxis": {
                "buckets": null,
                "mode": "time",
                "name": null,
                "show": true,
                "values": []
            },
            "yaxes": [
                {
                    "$$hashKey": "object:486",
                    "format": "reqps",
                    "label": null,
                    "logBase": 1,
                    "max": null,
                    "min": null,
                    "show": true
                },
                {
                    "$$hashKey": "object:487",
                    "format": "short",
                    "label": null,
                    "logBase": 1,
                    "max": null,
                    "min": null,
                    "show": true
                }
            ],
            "yaxis": {
                "align": false,
                "alignLevel": null
            }
        },
        {
            "aliasColors": {},
            "bars": false,
            "dashLength": 10,
            "dashes": false,
            "datasource": null,
            "description": "The OAP, request latency.",
            "fieldConfig": {
                "defaults": {
                    "links": []
                },
                "overrides": []
            },
            "fill": 1,
            "fillGradient": 0,
            "gridPos": {
                "h": 9,
                "w": 12,
                "x": 12,
                "y": 0
            },
            "hiddenSeries": false,
            "id": 3,
            "legend": {
                "avg": false,
                "current": false,
                "max": false,
                "min": false,
                "show": true,
                "total": false,
                "values": false
            },
            "lines": true,
            "linewidth": 1,
            "nullPointMode": "null",
            "options": {
                "alertThreshold": true
            },
            "percentage": false,
            "pluginVersion": "7.5.13",
            "pointradius": 2,
            "points": false,
            "renderer": "flot",
            "seriesOverrides": [],
            "spaceLength": 10,
            "stack": false,
            "steppedLine": false,
            "targets": [
                {
                    "expr": "histogram_quantile(0.99, sum(rate(envoy_cluster_upstream_rq_time_bucket{envoy_cluster_name=\"oap-grpc\", plane=\"management\"}[1m])) by (le))",
                    "legendFormat": "p99",
                    "refId": "A"
                },
                {
                    "expr": "histogram_quantile(0.95, sum(rate(envoy_cluster_upstream_rq_time_bucket{envoy_cluster_name=\"oap-grpc\", plane=\"management\"}[1m])) by (le))",
                    "legendFormat": "p95",
                    "refId": "B"
                },
                {
                    "expr": "histogram_quantile(0.90, sum(rate(envoy_cluster_upstream_rq_time_bucket{envoy_cluster_name=\"oap-grpc\", plane=\"management\"}[1m])) by (le))",
                    "legendFormat": "p90",
                    "refId": "C"
                },
                {
                    "expr": "histogram_quantile(0.75, sum(rate(envoy_cluster_upstream_rq_time_bucket{envoy_cluster_name=\"oap-grpc\", plane=\"management\"}[1m])) by (le))",
                    "legendFormat": "p75",
                    "refId": "D"
                },
                {
                    "expr": "histogram_quantile(0.50, sum(rate(envoy_cluster_upstream_rq_time_bucket{envoy_cluster_name=\"oap-grpc\", plane=\"management\"}[1m])) by (le))",
                    "legendFormat": "p50",
                    "refId": "E"
                }
            ],
            "thresholds": [],
            "timeFrom": null,
            "timeRegions": [],
            "timeShift": null,
            "title": "OAP Request Latency",
            "tooltip": {
                "shared": true,
                "sort": 0,
                "value_type": "individual"
            },
            "type": "graph",
            "xaxis": {
                "buckets": null,
                "mode": "time",
                "name": null,
                "show": true,
                "values": []
            },
            "yaxes": [
                {
                    "$$hashKey": "object:312",
                    "format": "ms",
                    "label": null,
                    "logBase": 1,
                    "max": null,
                    "min": null,
                    "show": true
                },
                {
                    "$$hashKey": "object:313",
                    "format": "short",
                    "label": null,
                    "logBase": 1,
                    "max": null,
                    "min": null,
                    "show": true
                }
            ],
            "yaxis": {
                "align": false,
                "alignLevel": null
            }
        },
        {
            "aliasColors": {},
            "bars": false,
            "dashLength": 10,
            "dashes": false,
            "datasource": null,
            "description": "OAP Aggregation Request Rate, by type:\n- central aggregation service handler received\n- central application aggregation received\n-  central service aggregation received",
            "fieldConfig": {
                "defaults": {
                    "links": []
                },
                "overrides": []
            },
            "fill": 1,
            "fillGradient": 0,
            "gridPos": {
                "h": 9,
                "w": 12,
                "x": 0,
                "y": 9
            },
            "hiddenSeries": false,
            "id": 4,
            "legend": {
                "avg": false,
                "current": false,
                "max": false,
                "min": false,
                "show": true,
                "total": false,
                "values": false
            },
            "lines": true,
            "linewidth": 1,
            "nullPointMode": "null",
            "options": {
                "alertThreshold": true
            },
            "percentage": false,
            "pluginVersion": "7.5.13",
            "pointradius": 2,
            "points": false,
            "renderer": "flot",
            "seriesOverrides": [],
            "spaceLength": 10,
            "stack": false,
            "steppedLine": false,
            "targets": [
                {
                    "expr": "sum(rate(central_aggregation_handler[1m]))",
                    "legendFormat": "central aggregation handler",
                    "refId": "A"
                },
                {
                    "expr": "sum(rate(central_app_aggregation[1m]))",
                    "legendFormat": "central app aggregation",
                    "refId": "B"
                },
                {
                    "expr": "sum(rate(central_service_aggregation[1m]))",
                    "legendFormat": "central service aggregation",
                    "refId": "C"
                }
            ],
            "thresholds": [],
            "timeFrom": null,
            "timeRegions": [],
            "timeShift": null,
            "title": "OAP Aggregation Request Rate",
            "tooltip": {
                "shared": true,
                "sort": 0,
                "value_type": "individual"
            },
            "type": "graph",
            "xaxis": {
                "buckets": null,
                "mode": "time",
                "name": null,
                "show": true,
                "values": []
            },
            "yaxes": [
                {
                    "format": "reqps",
                    "label": null,
                    "logBase": 1,
                    "max": null,
                    "min": null,
                    "show": true
                },
                {
                    "format": "short",
                    "label": null,
                    "logBase": 1,
                    "max": null,
                    "min": null,
                    "show": true
                }
            ],
            "yaxis": {
                "align": false,
                "alignLevel": null
            }
        },
        {
            "aliasColors": {},
            "bars": false,
            "dashLength": 10,
            "dashes": false,
            "datasource": null,
            "description": "Cumulative rate of rows in OAP aggreagation.",
            "fieldConfig": {
                "defaults": {
                    "links": []
                },
                "overrides": []
            },
            "fill": 1,
            "fillGradient": 0,
            "gridPos": {
                "h": 9,
                "w": 12,
                "x": 12,
                "y": 9
            },
            "hiddenSeries": false,
            "id": 5,
            "legend": {
                "avg": false,
                "current": false,
                "max": false,
                "min": false,
                "show": true,
                "total": false,
                "values": false
            },
            "lines": true,
            "linewidth": 1,
            "nullPointMode": "null",
            "options": {
                "alertThreshold": true
            },
            "percentage": false,
            "pluginVersion": "7.5.13",
            "pointradius": 2,
            "points": false,
            "renderer": "flot",
            "seriesOverrides": [],
            "spaceLength": 10,
            "stack": false,
            "steppedLine": false,
            "targets": [
                {
                    "expr": "sum(rate(metrics_aggregation{plane=\"management\"}[1m]))",
                    "legendFormat": "number of rows",
                    "refId": "A"
                }
            ],
            "thresholds": [],
            "timeFrom": null,
            "timeRegions": [],
            "timeShift": null,
            "title": "OAP Aggregation Rows",
            "tooltip": {
                "shared": true,
                "sort": 0,
                "value_type": "individual"
            },
            "type": "graph",
            "xaxis": {
                "buckets": null,
                "mode": "time",
                "name": null,
                "show": true,
                "values": []
            },
            "yaxes": [
                {
                    "format": "short",
                    "label": null,
                    "logBase": 1,
                    "max": null,
                    "min": null,
                    "show": true
                },
                {
                    "format": "short",
                    "label": null,
                    "logBase": 1,
                    "max": null,
                    "min": null,
                    "show": true
                }
            ],
            "yaxis": {
                "align": false,
                "alignLevel": null
            }
        },
        {
            "aliasColors": {},
            "bars": false,
            "dashLength": 10,
            "dashes": false,
            "datasource": null,
            "description": "The process latency of OAP service mesh telemetry streaming process.",
            "fieldConfig": {
                "defaults": {
                    "links": []
                },
                "overrides": []
            },
            "fill": 1,
            "fillGradient": 0,
            "gridPos": {
                "h": 10,
                "w": 24,
                "x": 0,
                "y": 18
            },
            "hiddenSeries": false,
            "id": 13,
            "legend": {
                "avg": false,
                "current": false,
                "max": false,
                "min": false,
                "show": true,
                "total": false,
                "values": false
            },
            "lines": true,
            "linewidth": 1,
            "nullPointMode": "null",
            "options": {
                "alertThreshold": true
            },
            "percentage": false,
            "pluginVersion": "7.5.13",
            "pointradius": 2,
            "points": false,
            "renderer": "flot",
            "seriesOverrides": [],
            "spaceLength": 10,
            "stack": false,
            "steppedLine": false,
            "targets": [
                {
                    "expr": "histogram_quantile(0.99, sum(rate(mesh_analysis_latency_bucket{plane=\"control\", component=\"oap\"}[1m])) by (le))",
                    "hide": false,
                    "legendFormat": "p99",
                    "refId": "A"
                },
                {
                    "expr": "histogram_quantile(0.95, sum(rate(mesh_analysis_latency_bucket{plane=\"control\", component=\"oap\"}[1m])) by (le))",
                    "legendFormat": "p95",
                    "refId": "B"
                },
                {
                    "expr": "histogram_quantile(0.90, sum(rate(mesh_analysis_latency_bucket{plane=\"control\", component=\"oap\"}[1m])) by (le))",
                    "legendFormat": "p90",
                    "refId": "C"
                },
                {
                    "expr": "histogram_quantile(0.75, sum(rate(mesh_analysis_latency_bucket{plane=\"control\", component=\"oap\"}[1m])) by (le))",
                    "legendFormat": "p75",
                    "refId": "D"
                }
            ],
            "thresholds": [],
            "timeFrom": null,
            "timeRegions": [],
            "timeShift": null,
            "title": "OAP Mesh Analysis Latency",
            "tooltip": {
                "shared": true,
                "sort": 0,
                "value_type": "individual"
            },
            "type": "graph",
            "xaxis": {
                "buckets": null,
                "mode": "time",
                "name": null,
                "show": true,
                "values": []
            },
            "yaxes": [
                {
                    "format": "ms",
                    "label": null,
                    "logBase": 1,
                    "max": null,
                    "min": "0",
                    "show": true
                },
                {
                    "format": "short",
                    "label": null,
                    "logBase": 1,
                    "max": null,
                    "min": null,
                    "show": true
                }
            ],
            "yaxis": {
                "align": false,
                "alignLevel": null
            }
        },
        {
            "collapsed": false,
            "datasource": null,
            "gridPos": {
                "h": 1,
                "w": 24,
                "x": 0,
                "y": 28
            },
            "id": 17,
            "panels": [],
            "title": "OAP Zipkin Receiver",
            "type": "row"
        },
        {
            "aliasColors": {},
            "bars": false,
            "dashLength": 10,
            "dashes": false,
            "datasource": null,
            "description": "The OAP Zipkin processing trace rate",
            "fieldConfig": {
                "defaults": {},
                "overrides": []
            },
            "fill": 1,
            "fillGradient": 0,
            "gridPos": {
                "h": 8,
                "w": 12,
                "x": 0,
                "y": 29
            },
            "hiddenSeries": false,
            "id": 19,
            "legend": {
                "avg": false,
                "current": false,
                "max": false,
                "min": false,
                "show": true,
                "total": false,
                "values": false
            },
            "lines": true,
            "linewidth": 1,
            "nullPointMode": "null",
            "options": {
                "alertThreshold": true
            },
            "percentage": false,
            "pluginVersion": "7.5.13",
            "pointradius": 2,
            "points": false,
            "renderer": "flot",
            "seriesOverrides": [],
            "spaceLength": 10,
            "stack": false,
            "steppedLine": false,
            "targets": [
                {
                    "exemplar": true,
                    "expr": "sum(rate(trace_in_latency_count{protocol='zipkin-http',plane='control'}[1m]))",
                    "interval": "",
                    "legendFormat": "zipkin_traces",
                    "refId": "A"
                }
            ],
            "thresholds": [],
            "timeFrom": null,
            "timeRegions": [],
            "timeShift": null,
            "title": "OAP Zipkin Trace Rate",
            "tooltip": {
                "shared": true,
                "sort": 0,
                "value_type": "individual"
            },
            "type": "graph",
            "xaxis": {
                "buckets": null,
                "mode": "time",
                "name": null,
                "show": true,
                "values": []
            },
            "yaxes": [
                {
                    "$$hashKey": "object:543",
                    "format": "reqps",
                    "label": null,
                    "logBase": 1,
                    "max": null,
                    "min": null,
                    "show": true
                },
                {
                    "$$hashKey": "object:544",
                    "format": "short",
                    "label": null,
                    "logBase": 1,
                    "max": null,
                    "min": null,
                    "show": true
                }
            ],
            "yaxis": {
                "align": false,
                "alignLevel": null
            }
        },
        {
            "aliasColors": {},
            "bars": false,
            "dashLength": 10,
            "dashes": false,
            "datasource": null,
            "description": "The OAP trace processing latency",
            "fieldConfig": {
                "defaults": {},
                "overrides": []
            },
            "fill": 1,
            "fillGradient": 0,
            "gridPos": {
                "h": 8,
                "w": 12,
                "x": 12,
                "y": 29
            },
            "hiddenSeries": false,
            "id": 15,
            "legend": {
                "avg": false,
                "current": false,
                "max": false,
                "min": false,
                "show": true,
                "total": false,
                "values": false
            },
            "lines": true,
            "linewidth": 1,
            "nullPointMode": "null",
            "options": {
                "alertThreshold": true
            },
            "percentage": false,
            "pluginVersion": "7.5.13",
            "pointradius": 2,
            "points": false,
            "renderer": "flot",
            "seriesOverrides": [],
            "spaceLength": 10,
            "stack": false,
            "steppedLine": false,
            "targets": [
                {
                    "exemplar": true,
                    "expr": "histogram_quantile(0.99, sum(rate(trace_in_latency_bucket[5m])) by (le))",
                    "interval": "",
                    "legendFormat": "p99",
                    "refId": "A"
                },
                {
                    "exemplar": true,
                    "expr": "histogram_quantile(0.95, sum(rate(trace_in_latency_bucket[5m])) by (le))",
                    "hide": false,
                    "interval": "",
                    "legendFormat": "p95",
                    "refId": "B"
                },
                {
                    "exemplar": true,
                    "expr": "histogram_quantile(0.90, sum(rate(trace_in_latency_bucket[5m])) by (le))",
                    "hide": false,
                    "interval": "",
                    "legendFormat": "p90",
                    "refId": "C"
                },
                {
                    "exemplar": true,
                    "expr": "histogram_quantile(0.75, sum(rate(trace_in_latency_bucket[5m])) by (le))",
                    "hide": false,
                    "interval": "",
                    "legendFormat": "p75",
                    "refId": "D"
                },
                {
                    "exemplar": true,
                    "expr": "histogram_quantile(0.50, sum(rate(trace_in_latency_bucket[5m])) by (le))",
                    "hide": false,
                    "interval": "",
                    "legendFormat": "p50",
                    "refId": "E"
                }
            ],
            "thresholds": [],
            "timeFrom": null,
            "timeRegions": [],
            "timeShift": null,
            "title": "OAP Zipkin Trace Latency",
            "tooltip": {
                "shared": true,
                "sort": 0,
                "value_type": "individual"
            },
            "type": "graph",
            "xaxis": {
                "buckets": null,
                "mode": "time",
                "name": null,
                "show": true,
                "values": []
            },
            "yaxes": [
                {
                    "$$hashKey": "object:365",
                    "format": "s",
                    "label": null,
                    "logBase": 1,
                    "max": null,
                    "min": null,
                    "show": true
                },
                {
                    "$$hashKey": "object:366",
                    "format": "short",
                    "label": null,
                    "logBase": 1,
                    "max": null,
                    "min": null,
                    "show": true
                }
            ],
            "yaxis": {
                "align": false,
                "alignLevel": null
            }
        },
        {
            "aliasColors": {},
            "bars": false,
            "dashLength": 10,
            "dashes": false,
            "datasource": null,
            "description": "The OAP Zipkin processing trace error rate",
            "fieldConfig": {
                "defaults": {},
                "overrides": []
            },
            "fill": 1,
            "fillGradient": 0,
            "gridPos": {
                "h": 8,
                "w": 12,
                "x": 0,
                "y": 37
            },
            "hiddenSeries": false,
            "id": 20,
            "legend": {
                "avg": false,
                "current": false,
                "max": false,
                "min": false,
                "show": true,
                "total": false,
                "values": false
            },
            "lines": true,
            "linewidth": 1,
            "nullPointMode": "null",
            "options": {
                "alertThreshold": true
            },
            "percentage": false,
            "pluginVersion": "7.5.13",
            "pointradius": 2,
            "points": false,
            "renderer": "flot",
            "seriesOverrides": [],
            "spaceLength": 10,
            "stack": false,
            "steppedLine": false,
            "targets": [
                {
                    "exemplar": true,
                    "expr": "sum(rate(trace_analysys_error_count{protocol='zipkin-http',plane='control'}[1m]))",
                    "interval": "",
                    "legendFormat": "zipkin_errors",
                    "refId": "A"
                }
            ],
            "thresholds": [],
            "timeFrom": null,
            "timeRegions": [],
            "timeShift": null,
            "title": "OAP Zipkin Trace Error Rate",
            "tooltip": {
                "shared": true,
                "sort": 0,
                "value_type": "individual"
            },
            "type": "graph",
            "xaxis": {
                "buckets": null,
                "mode": "time",
                "name": null,
                "show": true,
                "values": []
            },
            "yaxes": [
                {
                    "$$hashKey": "object:543",
                    "format": "reqps",
                    "label": null,
                    "logBase": 1,
                    "max": null,
                    "min": null,
                    "show": true
                },
                {
                    "$$hashKey": "object:544",
                    "format": "short",
                    "label": null,
                    "logBase": 1,
                    "max": null,
                    "min": null,
                    "show": true
                }
            ],
            "yaxis": {
                "align": false,
                "alignLevel": null
            }
        },
        {
            "collapsed": false,
            "datasource": null,
            "gridPos": {
                "h": 1,
                "w": 24,
                "x": 0,
                "y": 45
            },
            "id": 9,
            "panels": [],
            "title": "JVM Stats",
            "type": "row"
        },
        {
            "aliasColors": {},
            "bars": false,
            "dashLength": 10,
            "dashes": false,
            "datasource": null,
            "description": "Numbed of threads in OAP JVM",
            "fieldConfig": {
                "defaults": {
                    "links": []
                },
                "overrides": []
            },
            "fill": 1,
            "fillGradient": 0,
            "gridPos": {
                "h": 8,
                "w": 12,
                "x": 0,
                "y": 46
            },
            "hiddenSeries": false,
            "id": 11,
            "legend": {
                "avg": false,
                "current": false,
                "max": false,
                "min": false,
                "show": true,
                "total": false,
                "values": false
            },
            "lines": true,
            "linewidth": 1,
            "nullPointMode": "null",
            "options": {
                "alertThreshold": true
            },
            "percentage": false,
            "pluginVersion": "7.5.13",
            "pointradius": 2,
            "points": false,
            "renderer": "flot",
            "seriesOverrides": [],
            "spaceLength": 10,
            "stack": false,
            "steppedLine": false,
            "targets": [
                {
                    "expr": "sum(jvm_threads_current{component=\"oap\", plane=\"management\"})",
                    "legendFormat": "current",
                    "refId": "A"
                },
                {
                    "expr": "sum(jvm_threads_daemon{component=\"oap\", plane=\"management\"})",
                    "legendFormat": "daemon",
                    "refId": "B"
                },
                {
                    "expr": "sum(jvm_threads_peak{component=\"oap\", plane=\"management\"})",
                    "legendFormat": "peak",
                    "refId": "C"
                },
                {
                    "expr": "sum(jvm_threads_deadlocked{component=\"oap\", plane=\"management\"})",
                    "refId": "D"
                }
            ],
            "thresholds": [],
            "timeFrom": null,
            "timeRegions": [],
            "timeShift": null,
            "title": "JVM Threads",
            "tooltip": {
                "shared": true,
                "sort": 0,
                "value_type": "individual"
            },
            "type": "graph",
            "xaxis": {
                "buckets": null,
                "mode": "time",
                "name": null,
                "show": true,
                "values": []
            },
            "yaxes": [
                {
                    "decimals": -1,
                    "format": "short",
                    "label": null,
                    "logBase": 1,
                    "max": null,
                    "min": null,
                    "show": true
                },
                {
                    "format": "short",
                    "label": null,
                    "logBase": 1,
                    "max": null,
                    "min": null,
                    "show": true
                }
            ],
            "yaxis": {
                "align": false,
                "alignLevel": null
            }
        },
        {
            "aliasColors": {},
            "bars": false,
            "dashLength": 10,
            "dashes": false,
            "datasource": null,
            "description": "JVM Memory stats of OAP JVM instances.",
            "fieldConfig": {
                "defaults": {
                    "links": []
                },
                "overrides": []
            },
            "fill": 1,
            "fillGradient": 0,
            "gridPos": {
                "h": 8,
                "w": 12,
                "x": 12,
                "y": 46
            },
            "hiddenSeries": false,
            "id": 12,
            "legend": {
                "alignAsTable": true,
                "avg": false,
                "current": true,
                "max": false,
                "min": false,
                "rightSide": true,
                "show": true,
                "sort": null,
                "sortDesc": null,
                "total": false,
                "values": true
            },
            "lines": true,
            "linewidth": 1,
            "nullPointMode": "null",
            "options": {
                "alertThreshold": true
            },
            "percentage": false,
            "pluginVersion": "7.5.13",
            "pointradius": 2,
            "points": false,
            "renderer": "flot",
            "seriesOverrides": [],
            "spaceLength": 10,
            "stack": false,
            "steppedLine": false,
            "targets": [
                {
                    "expr": "sum by (area, instance) (jvm_memory_bytes_max{component=\"oap\", plane=\"management\"})",
                    "legendFormat": "{{area}}/{{instance}} max",
                    "refId": "A"
                },
                {
                    "expr": "sum by (area, instance) (jvm_memory_bytes_used{component=\"oap\", plane=\"management\"})",
                    "legendFormat": "{{area}}/{{instance}} used",
                    "refId": "B"
                }
            ],
            "thresholds": [],
            "timeFrom": null,
            "timeRegions": [],
            "timeShift": null,
            "title": "JVM Memory",
            "tooltip": {
                "shared": true,
                "sort": 0,
                "value_type": "individual"
            },
            "type": "graph",
            "xaxis": {
                "buckets": null,
                "mode": "time",
                "name": null,
                "show": true,
                "values": []
            },
            "yaxes": [
                {
                    "decimals": null,
                    "format": "decbytes",
                    "label": null,
                    "logBase": 1,
                    "max": null,
                    "min": "0",
                    "show": true
                },
                {
                    "format": "short",
                    "label": null,
                    "logBase": 1,
                    "max": null,
                    "min": null,
                    "show": true
                }
            ],
            "yaxis": {
                "align": false,
                "alignLevel": null
            }
        }
    ],
    "refresh": "1m",
    "schemaVersion": 27,
    "style": "dark",
    "tags": ["tsb", "observability", "oap"],
    "templating": {
        "list": []
    },
    "time": {
        "from": "now-3h",
        "to": "now"
    },
    "timepicker": {
        "refresh_intervals": ["5s", "10s", "30s", "1m", "5m", "15m", "30m", "1h", "2h", "1d"]
    },
    "timezone": "utc",
    "title": "OAP Operational Status",
    "uid": "qhbE13F4z",
    "version": 3
}
