{
    "annotations": {
        "list": [
            {
                "builtIn": 1,
                "datasource": "-- Grafana --",
                "enable": true,
                "hide": true,
                "iconColor": "rgba(0, 211, 255, 1)",
                "name": "Annotations & Alerts",
                "type": "dashboard"
            }
        ]
    },
    "description": "Operational metrics to indicate Tetrate Service Bridge API server health.",
    "editable": true,
    "gnetId": null,
    "graphTooltip": 0,
    "id": 5,
    "iteration": 1637783814395,
    "links": [],
    "panels": [
        {
            "datasource": null,
            "gridPos": {
                "h": 1,
                "w": 24,
                "x": 0,
                "y": 0
            },
            "id": 63,
            "title": "Management Plane Front Envoy",
            "type": "row"
        },
        {
            "aliasColors": {},
            "bars": false,
            "dashLength": 10,
            "dashes": false,
            "datasource": null,
            "description": "Rate of successful requests to Front Envoy. This includes all user and cluster requests into the management plane.\n\nNote: This indicates the health of the AuthZ server not whether the user or cluster making the request has the correct permissions.",
            "fieldConfig": {
                "defaults": {
                    "links": []
                },
                "overrides": []
            },
            "fill": 1,
            "fillGradient": 0,
            "gridPos": {
                "h": 8,
                "w": 8,
                "x": 0,
                "y": 1
            },
            "hiddenSeries": false,
            "id": 65,
            "legend": {
                "alignAsTable": true,
                "avg": false,
                "current": true,
                "max": false,
                "min": false,
                "rightSide": false,
                "show": true,
                "sort": "current",
                "sortDesc": true,
                "total": false,
                "values": true
            },
            "lines": true,
            "linewidth": 1,
            "nullPointMode": "null as zero",
            "options": {
                "alertThreshold": true
            },
            "percentage": false,
            "pluginVersion": "7.5.2",
            "pointradius": 2,
            "points": false,
            "renderer": "flot",
            "seriesOverrides": [],
            "spaceLength": 10,
            "stack": false,
            "steppedLine": false,
            "targets": [
                {
                    "exemplar": false,
                    "expr": "sum(rate(envoy_cluster_internal_upstream_rq{envoy_response_code=~\"2.*|3.*|401\", component=\"front-envoy\"}[1m])) by (envoy_cluster_name)",
                    "interval": "",
                    "legendFormat": "{{envoy_cluster_name}}",
                    "refId": "A"
                }
            ],
            "thresholds": [],
            "timeFrom": null,
            "timeRegions": [],
            "timeShift": null,
            "title": "Front Envoy Success Rate",
            "tooltip": {
                "shared": true,
                "sort": 0,
                "value_type": "individual"
            },
            "type": "graph",
            "xaxis": {
                "buckets": null,
                "mode": "time",
                "name": null,
                "show": true,
                "values": []
            },
            "yaxes": [
                {
                    "$$hashKey": "object:83",
                    "format": "reqps",
                    "label": null,
                    "logBase": 1,
                    "max": null,
                    "min": "0",
                    "show": true
                },
                {
                    "$$hashKey": "object:84",
                    "format": "short",
                    "label": null,
                    "logBase": 1,
                    "max": null,
                    "min": null,
                    "show": true
                }
            ],
            "yaxis": {
                "align": false,
                "alignLevel": null
            }
        },
        {
            "aliasColors": {},
            "bars": false,
            "dashLength": 10,
            "dashes": false,
            "datasource": null,
            "description": "The error rate of requests to the Front Envoy server. This includes all user and cluster requests into the management plane.\nNote: This indicates the health of the AuthZ server not whether the user or cluster making the request has the correct permissions.",
            "fieldConfig": {
                "defaults": {
                    "links": []
                },
                "overrides": []
            },
            "fill": 1,
            "fillGradient": 0,
            "gridPos": {
                "h": 8,
                "w": 8,
                "x": 8,
                "y": 1
            },
            "hiddenSeries": false,
            "id": 68,
            "legend": {
                "avg": false,
                "current": false,
                "max": false,
                "min": false,
                "show": false,
                "total": false,
                "values": false
            },
            "lines": true,
            "linewidth": 1,
            "nullPointMode": "null as zero",
            "options": {
                "alertThreshold": true
            },
            "percentage": false,
            "pluginVersion": "7.5.2",
            "pointradius": 2,
            "points": false,
            "renderer": "flot",
            "seriesOverrides": [],
            "spaceLength": 10,
            "stack": false,
            "steppedLine": false,
            "targets": [
                {
                    "exemplar": false,
                    "expr": "sum(rate(envoy_cluster_internal_upstream_rq{envoy_response_code!~\"2.*|3.*|401\", component=\"front-envoy\"}[1m])) by (envoy_cluster_name, envoy_response_code)",
                    "hide": false,
                    "interval": "",
                    "legendFormat": "{{envoy_cluster_name}}",
                    "refId": "A"
                }
            ],
            "thresholds": [],
            "timeFrom": null,
            "timeRegions": [],
            "timeShift": null,
            "title": "Front Envoy Error Rate",
            "tooltip": {
                "shared": true,
                "sort": 0,
                "value_type": "individual"
            },
            "type": "graph",
            "xaxis": {
                "buckets": null,
                "mode": "time",
                "name": null,
                "show": true,
                "values": []
            },
            "yaxes": [
                {
                    "$$hashKey": "object:135",
                    "format": "reqps",
                    "label": null,
                    "logBase": 1,
                    "max": null,
                    "min": "0",
                    "show": true
                },
                {
                    "$$hashKey": "object:136",
                    "format": "short",
                    "label": null,
                    "logBase": 1,
                    "max": null,
                    "min": null,
                    "show": true
                }
            ],
            "yaxis": {
                "align": false,
                "alignLevel": null
            }
        },
        {
            "aliasColors": {},
            "bars": false,
            "dashLength": 10,
            "dashes": false,
            "datasource": null,
            "description": "Front Envoy request latency percentiles.",
            "fieldConfig": {
                "defaults": {
                    "links": []
                },
                "overrides": []
            },
            "fill": 1,
            "fillGradient": 0,
            "gridPos": {
                "h": 8,
                "w": 8,
                "x": 16,
                "y": 1
            },
            "hiddenSeries": false,
            "id": 69,
            "legend": {
                "avg": false,
                "current": false,
                "max": false,
                "min": false,
                "show": true,
                "total": false,
                "values": false
            },
            "lines": true,
            "linewidth": 1,
            "nullPointMode": "null",
            "options": {
                "alertThreshold": true
            },
            "percentage": false,
            "pluginVersion": "7.5.2",
            "pointradius": 2,
            "points": false,
            "renderer": "flot",
            "seriesOverrides": [],
            "spaceLength": 10,
            "stack": false,
            "steppedLine": false,
            "targets": [
                {
                    "exemplar": false,
                    "expr": "histogram_quantile(0.99, sum(rate(envoy_cluster_internal_upstream_rq_time_bucket{component=\"front-envoy\"}[1m])) by (le, envoy_cluster_name))",
                    "interval": "",
                    "legendFormat": "{{envoy_cluster_name}} P99",
                    "refId": "A"
                },
                {
                    "exemplar": false,
                    "expr": "histogram_quantile(0.95, sum(rate(envoy_cluster_internal_upstream_rq_time_bucket{component=\"front-envoy\"}[1m])) by (le, envoy_cluster_name))",
                    "interval": "",
                    "legendFormat": "{{envoy_cluster_name}} P95",
                    "refId": "B"
                }
            ],
            "thresholds": [],
            "timeFrom": null,
            "timeRegions": [],
            "timeShift": null,
            "title": "Front Envoy Latency",
            "tooltip": {
                "shared": true,
                "sort": 0,
                "value_type": "individual"
            },
            "type": "graph",
            "xaxis": {
                "buckets": null,
                "mode": "time",
                "name": null,
                "show": true,
                "values": []
            },
            "yaxes": [
                {
                    "$$hashKey": "object:187",
                    "format": "ms",
                    "label": null,
                    "logBase": 1,
                    "max": null,
                    "min": "0",
                    "show": true
                },
                {
                    "$$hashKey": "object:188",
                    "format": "short",
                    "label": null,
                    "logBase": 1,
                    "max": null,
                    "min": null,
                    "show": true
                }
            ],
            "yaxis": {
                "align": false,
                "alignLevel": null
            }
        },
        {
            "collapsed": false,
            "datasource": null,
            "gridPos": {
                "h": 1,
                "w": 24,
                "x": 0,
                "y": 9
            },
            "id": 67,
            "panels": [],
            "title": "API Server Requests",
            "type": "row"
        },
        {
            "aliasColors": {},
            "bars": false,
            "dashLength": 10,
            "dashes": false,
            "datasource": null,
            "description": "Rate of successful requests to the TSB apiserver from the UI and CLI.",
            "fieldConfig": {
                "defaults": {
                    "links": []
                },
                "overrides": []
            },
            "fill": 1,
            "fillGradient": 0,
            "gridPos": {
                "h": 8,
                "w": 12,
                "x": 0,
                "y": 10
            },
            "hiddenSeries": false,
            "id": 72,
            "legend": {
                "avg": false,
                "current": false,
                "hideEmpty": true,
                "hideZero": true,
                "max": false,
                "min": false,
                "show": false,
                "total": false,
                "values": false
            },
            "lines": true,
            "linewidth": 1,
            "nullPointMode": "null as zero",
            "options": {
                "alertThreshold": true
            },
            "percentage": false,
            "pluginVersion": "7.5.2",
            "pointradius": 2,
            "points": false,
            "renderer": "flot",
            "seriesOverrides": [],
            "spaceLength": 10,
            "stack": false,
            "steppedLine": false,
            "targets": [
                {
                    "exemplar": false,
                    "expr": "sum(rate(grpc_server_handled_total{component=\"tsb\", grpc_code=\"OK\", grpc_type=\"unary\", grpc_method!=\"SendAuditLog\"}[1m])) by (grpc_method)",
                    "interval": "",
                    "legendFormat": "{{grpc_method}}",
                    "refId": "A"
                }
            ],
            "thresholds": [],
            "timeFrom": null,
            "timeRegions": [],
            "timeShift": null,
            "title": "TSB Success Rate",
            "tooltip": {
                "shared": true,
                "sort": 2,
                "value_type": "individual"
            },
            "type": "graph",
            "xaxis": {
                "buckets": null,
                "mode": "time",
                "name": null,
                "show": true,
                "values": []
            },
            "yaxes": [
                {
                    "$$hashKey": "object:239",
                    "format": "reqps",
                    "label": null,
                    "logBase": 1,
                    "max": null,
                    "min": "0",
                    "show": true
                },
                {
                    "$$hashKey": "object:240",
                    "format": "short",
                    "label": null,
                    "logBase": 1,
                    "max": null,
                    "min": null,
                    "show": true
                }
            ],
            "yaxis": {
                "align": false,
                "alignLevel": null
            }
        },
        {
            "aliasColors": {},
            "bars": false,
            "dashLength": 10,
            "dashes": false,
            "datasource": null,
            "description": "Rate of failed requests to the TSB apiserver from the UI and CLI.",
            "fieldConfig": {
                "defaults": {
                    "links": []
                },
                "overrides": []
            },
            "fill": 1,
            "fillGradient": 0,
            "gridPos": {
                "h": 8,
                "w": 12,
                "x": 12,
                "y": 10
            },
            "hiddenSeries": false,
            "id": 73,
            "legend": {
                "avg": false,
                "current": false,
                "hideEmpty": true,
                "hideZero": true,
                "max": false,
                "min": false,
                "show": false,
                "total": false,
                "values": false
            },
            "lines": true,
            "linewidth": 1,
            "nullPointMode": "null as zero",
            "options": {
                "alertThreshold": true
            },
            "percentage": false,
            "pluginVersion": "7.5.2",
            "pointradius": 2,
            "points": false,
            "renderer": "flot",
            "seriesOverrides": [],
            "spaceLength": 10,
            "stack": false,
            "steppedLine": false,
            "targets": [
                {
                    "exemplar": false,
                    "expr": "sum(rate(grpc_server_handled_total{component=\"tsb\", grpc_code!=\"OK\", grpc_type=\"unary\", grpc_method!=\"SendAuditLog\"}[1m])) by (grpc_code)",
                    "interval": "",
                    "legendFormat": "{{grpc_code}}",
                    "refId": "A"
                }
            ],
            "thresholds": [],
            "timeFrom": null,
            "timeRegions": [],
            "timeShift": null,
            "title": "TSB Error Rate",
            "tooltip": {
                "shared": true,
                "sort": 2,
                "value_type": "individual"
            },
            "type": "graph",
            "xaxis": {
                "buckets": null,
                "mode": "time",
                "name": null,
                "show": true,
                "values": []
            },
            "yaxes": [
                {
                    "format": "reqps",
                    "label": null,
                    "logBase": 1,
                    "max": null,
                    "min": "0",
                    "show": true
                },
                {
                    "format": "short",
                    "label": null,
                    "logBase": 1,
                    "max": null,
                    "min": null,
                    "show": true
                }
            ],
            "yaxis": {
                "align": false,
                "alignLevel": null
            }
        },
        {
            "collapsed": false,
            "datasource": null,
            "gridPos": {
                "h": 1,
                "w": 24,
                "x": 0,
                "y": 18
            },
            "id": 83,
            "panels": [],
            "title": "Authentication",
            "type": "row"
        },
        {
            "aliasColors": {},
            "bars": false,
            "dashLength": 10,
            "dashes": false,
            "datasource": "prometheus",
            "description": "The success rate for authentication operations for each type of authentication provider.",
            "fieldConfig": {
                "defaults": {
                    "links": []
                },
                "overrides": []
            },
            "fill": 1,
            "fillGradient": 0,
            "gridPos": {
                "h": 8,
                "w": 8,
                "x": 0,
                "y": 19
            },
            "hiddenSeries": false,
            "id": 86,
            "legend": {
                "alignAsTable": false,
                "avg": false,
                "current": false,
                "hideEmpty": true,
                "hideZero": true,
                "max": false,
                "min": false,
                "rightSide": false,
                "show": true,
                "sort": null,
                "sortDesc": null,
                "total": false,
                "values": false
            },
            "lines": true,
            "linewidth": 1,
            "nullPointMode": "null as zero",
            "options": {
                "alertThreshold": true
            },
            "percentage": false,
            "pluginVersion": "7.5.2",
            "pointradius": 2,
            "points": false,
            "renderer": "flot",
            "seriesOverrides": [],
            "spaceLength": 10,
            "stack": false,
            "steppedLine": false,
            "targets": [
                {
                    "expr": "sum(rate(iam_auth_time_count{error=\"\"}[1m])) by (provider)",
                    "interval": "",
                    "legendFormat": "{{provider}}",
                    "refId": "C"
                }
            ],
            "thresholds": [],
            "timeFrom": null,
            "timeRegions": [],
            "timeShift": null,
            "title": "Authentication Success Rate",
            "tooltip": {
                "shared": true,
                "sort": 2,
                "value_type": "individual"
            },
            "type": "graph",
            "xaxis": {
                "buckets": null,
                "mode": "time",
                "name": null,
                "show": true,
                "values": []
            },
            "yaxes": [
                {
                    "format": "reqps",
                    "label": "",
                    "logBase": 1,
                    "max": null,
                    "min": "0",
                    "show": true
                },
                {
                    "format": "short",
                    "label": null,
                    "logBase": 1,
                    "max": null,
                    "min": null,
                    "show": true
                }
            ],
            "yaxis": {
                "align": false,
                "alignLevel": null
            }
        },
        {
            "aliasColors": {},
            "bars": false,
            "dashLength": 10,
            "dashes": false,
            "datasource": "prometheus",
            "description": "The error rate for authentication operations for each type of authentication provider.\n\nSpikes may indicate problems with the provider or the given credentials, such as expired JWT tokens.",
            "fieldConfig": {
                "defaults": {
                    "links": []
                },
                "overrides": []
            },
            "fill": 1,
            "fillGradient": 0,
            "gridPos": {
                "h": 8,
                "w": 8,
                "x": 8,
                "y": 19
            },
            "hiddenSeries": false,
            "id": 87,
            "legend": {
                "alignAsTable": false,
                "avg": false,
                "current": false,
                "hideEmpty": true,
                "hideZero": true,
                "max": false,
                "min": false,
                "rightSide": false,
                "show": true,
                "sort": null,
                "sortDesc": null,
                "total": false,
                "values": false
            },
            "lines": true,
            "linewidth": 1,
            "nullPointMode": "null as zero",
            "options": {
                "alertThreshold": true
            },
            "percentage": false,
            "pluginVersion": "7.5.2",
            "pointradius": 2,
            "points": false,
            "renderer": "flot",
            "seriesOverrides": [],
            "spaceLength": 10,
            "stack": false,
            "steppedLine": false,
            "targets": [
                {
                    "expr": "sum(rate(iam_auth_time_count{error!=\"\"}[1m])) by (provider)",
                    "interval": "",
                    "legendFormat": "{{provider}}",
                    "refId": "A"
                }
            ],
            "thresholds": [],
            "timeFrom": null,
            "timeRegions": [],
            "timeShift": null,
            "title": "Authentication Error Rate",
            "tooltip": {
                "shared": true,
                "sort": 2,
                "value_type": "individual"
            },
            "type": "graph",
            "xaxis": {
                "buckets": null,
                "mode": "time",
                "name": null,
                "show": true,
                "values": []
            },
            "yaxes": [
                {
                    "format": "reqps",
                    "label": "",
                    "logBase": 1,
                    "max": null,
                    "min": "0",
                    "show": true
                },
                {
                    "format": "short",
                    "label": null,
                    "logBase": 1,
                    "max": null,
                    "min": null,
                    "show": true
                }
            ],
            "yaxis": {
                "align": false,
                "alignLevel": null
            }
        },
        {
            "aliasColors": {},
            "bars": false,
            "dashLength": 10,
            "dashes": false,
            "datasource": null,
            "description": "The latency for authentication operations for each type of authentication provider.\n\nSpikes in the latency may indicate that the authentication provider has a sub-optimal configuration (such as too wide LDAP queries).",
            "fieldConfig": {
                "defaults": {},
                "overrides": []
            },
            "fill": 1,
            "fillGradient": 0,
            "gridPos": {
                "h": 8,
                "w": 8,
                "x": 16,
                "y": 19
            },
            "hiddenSeries": false,
            "id": 81,
            "legend": {
                "avg": false,
                "current": false,
                "max": false,
                "min": false,
                "show": true,
                "total": false,
                "values": false
            },
            "lines": true,
            "linewidth": 1,
            "nullPointMode": "null",
            "options": {
                "alertThreshold": true
            },
            "percentage": false,
            "pluginVersion": "7.5.2",
            "pointradius": 2,
            "points": false,
            "renderer": "flot",
            "seriesOverrides": [],
            "spaceLength": 10,
            "stack": false,
            "steppedLine": false,
            "targets": [
                {
                    "expr": "histogram_quantile(0.99, sum(rate(iam_auth_time_bucket{error=\"\"}[1m])) by (le, provider))",
                    "interval": "",
                    "legendFormat": "{{provider}} P99",
                    "refId": "B"
                },
                {
                    "expr": "histogram_quantile(0.95, sum(rate(iam_auth_time_bucket{error=\"\"}[1m])) by (le, provider))",
                    "interval": "",
                    "legendFormat": "{{provider}} P95",
                    "refId": "A"
                }
            ],
            "thresholds": [],
            "timeFrom": null,
            "timeRegions": [],
            "timeShift": null,
            "title": "Authentication Latency",
            "tooltip": {
                "shared": true,
                "sort": 0,
                "value_type": "individual"
            },
            "type": "graph",
            "xaxis": {
                "buckets": null,
                "mode": "time",
                "name": null,
                "show": true,
                "values": []
            },
            "yaxes": [
                {
                    "format": "ms",
                    "label": null,
                    "logBase": 1,
                    "max": null,
                    "min": "0",
                    "show": true
                },
                {
                    "format": "short",
                    "label": null,
                    "logBase": 1,
                    "max": null,
                    "min": null,
                    "show": false
                }
            ],
            "yaxis": {
                "align": false,
                "alignLevel": null
            }
        },
        {
            "collapsed": false,
            "datasource": null,
            "gridPos": {
                "h": 1,
                "w": 24,
                "x": 0,
                "y": 27
            },
            "id": 30,
            "panels": [],
            "title": "Data Store",
            "type": "row"
        },
        {
            "aliasColors": {},
            "bars": false,
            "dashLength": 10,
            "dashes": false,
            "datasource": "prometheus",
            "description": "Successful request rate for operations persisting data to the datastore grouped by method and kind.\n\nThis graph also includes transactions. These are standard SQL transactions and consist of multiple operations.",
            "fieldConfig": {
                "defaults": {
                    "links": []
                },
                "overrides": []
            },
            "fill": 1,
            "fillGradient": 0,
            "gridPos": {
                "h": 7,
                "w": 12,
                "x": 0,
                "y": 28
            },
            "hiddenSeries": false,
            "id": 32,
            "legend": {
                "alignAsTable": false,
                "avg": false,
                "current": true,
                "hideEmpty": true,
                "hideZero": true,
                "max": false,
                "min": false,
                "rightSide": false,
                "show": false,
                "sort": null,
                "sortDesc": null,
                "total": false,
                "values": true
            },
            "lines": true,
            "linewidth": 1,
            "nullPointMode": "null as zero",
            "options": {
                "alertThreshold": true
            },
            "percentage": false,
            "pluginVersion": "7.5.2",
            "pointradius": 2,
            "points": false,
            "renderer": "flot",
            "seriesOverrides": [],
            "spaceLength": 10,
            "stack": false,
            "steppedLine": false,
            "targets": [
                {
                    "exemplar": false,
                    "expr": "sum(rate(persistence_operation{error=\"\"}[1m])) by (kind, method)",
                    "hide": false,
                    "interval": "",
                    "legendFormat": "{{method}} / {{kind}}",
                    "refId": "A"
                },
                {
                    "exemplar": false,
                    "expr": "sum(rate(persistence_transaction{error=\"\"}[1m]))",
                    "hide": false,
                    "interval": "",
                    "legendFormat": "Transactions",
                    "refId": "B"
                }
            ],
            "thresholds": [],
            "timeFrom": null,
            "timeRegions": [],
            "timeShift": null,
            "title": "Data Store Success Rate",
            "tooltip": {
                "shared": true,
                "sort": 2,
                "value_type": "individual"
            },
            "type": "graph",
            "xaxis": {
                "buckets": null,
                "mode": "time",
                "name": null,
                "show": true,
                "values": []
            },
            "yaxes": [
                {
                    "format": "reqps",
                    "label": "",
                    "logBase": 1,
                    "max": null,
                    "min": "0",
                    "show": true
                },
                {
                    "format": "short",
                    "label": null,
                    "logBase": 1,
                    "max": null,
                    "min": null,
                    "show": true
                }
            ],
            "yaxis": {
                "align": false,
                "alignLevel": null
            }
        },
        {
            "aliasColors": {},
            "bars": false,
            "dashLength": 10,
            "dashes": false,
            "datasource": "prometheus",
            "description": "The request latency for operations persisting data to the datastore grouped by method.\n\nThis graph also includes transactions. These are standard SQL transactions and consist of multiple operations.",
            "fieldConfig": {
                "defaults": {
                    "links": []
                },
                "overrides": []
            },
            "fill": 1,
            "fillGradient": 0,
            "gridPos": {
                "h": 7,
                "w": 12,
                "x": 12,
                "y": 28
            },
            "hiddenSeries": false,
            "id": 71,
            "legend": {
                "alignAsTable": false,
                "avg": false,
                "current": true,
                "hideEmpty": true,
                "hideZero": true,
                "max": false,
                "min": false,
                "rightSide": false,
                "show": false,
                "sort": "current",
                "sortDesc": true,
                "total": false,
                "values": true
            },
            "lines": true,
            "linewidth": 1,
            "nullPointMode": "connected",
            "options": {
                "alertThreshold": true
            },
            "percentage": false,
            "pluginVersion": "7.5.2",
            "pointradius": 2,
            "points": false,
            "renderer": "flot",
            "seriesOverrides": [],
            "spaceLength": 10,
            "stack": false,
            "steppedLine": false,
            "targets": [
                {
                    "exemplar": false,
                    "expr": "histogram_quantile(0.99, sum(rate(persistence_operation_duration_bucket{}[1m])) by (le, method))",
                    "hide": false,
                    "interval": "",
                    "legendFormat": "{{method}} P99",
                    "refId": "A"
                },
                {
                    "exemplar": false,
                    "expr": "histogram_quantile(0.99, sum(rate(persistence_transaction_duration_bucket{}[1m])) by (le))",
                    "hide": false,
                    "interval": "",
                    "legendFormat": "Transaction P99",
                    "refId": "D"
                }
            ],
            "thresholds": [],
            "timeFrom": null,
            "timeRegions": [],
            "timeShift": null,
            "title": "Data Store Latency",
            "tooltip": {
                "shared": true,
                "sort": 2,
                "value_type": "individual"
            },
            "type": "graph",
            "xaxis": {
                "buckets": null,
                "mode": "time",
                "name": null,
                "show": true,
                "values": []
            },
            "yaxes": [
                {
                    "format": "ms",
                    "label": "",
                    "logBase": 1,
                    "max": null,
                    "min": "0",
                    "show": true
                },
                {
                    "format": "short",
                    "label": null,
                    "logBase": 1,
                    "max": null,
                    "min": null,
                    "show": false
                }
            ],
            "yaxis": {
                "align": false,
                "alignLevel": null
            }
        },
        {
            "aliasColors": {},
            "bars": false,
            "dashLength": 10,
            "dashes": false,
            "datasource": "prometheus",
            "description": "The request error rate for operations persisting data to the datastore grouped by method and kind.\nThis graph also includes transactions. These are standard SQL transactions and consists of multiple operations.\nNote: The graph explicitly excludes \"resource not found\" errors. A small number of \"not found\" responses are normal as TSB for optimization often uses Get queries instead of Exists to determine the resource existence.\n",
            "fieldConfig": {
                "defaults": {
                    "links": []
                },
                "overrides": []
            },
            "fill": 1,
            "fillGradient": 0,
            "gridPos": {
                "h": 7,
                "w": 12,
                "x": 0,
                "y": 35
            },
            "hiddenSeries": false,
            "id": 70,
            "legend": {
                "alignAsTable": true,
                "avg": false,
                "current": true,
                "hideEmpty": true,
                "hideZero": true,
                "max": false,
                "min": false,
                "rightSide": false,
                "show": true,
                "sort": "current",
                "sortDesc": true,
                "total": false,
                "values": true
            },
            "lines": true,
            "linewidth": 1,
            "nullPointMode": "null as zero",
            "options": {
                "alertThreshold": true
            },
            "percentage": false,
            "pluginVersion": "7.5.2",
            "pointradius": 2,
            "points": false,
            "renderer": "flot",
            "seriesOverrides": [],
            "spaceLength": 10,
            "stack": false,
            "steppedLine": false,
            "targets": [
                {
                    "exemplar": false,
                    "expr": "sum(rate(persistence_operation{error!=\"\", kind!=\"iam_revoked_token\"}[1m])) by (kind, method, error)",
                    "hide": false,
                    "interval": "",
                    "legendFormat": "{{method}} / {{kind}} / {{error}}",
                    "refId": "A"
                },
                {
                    "exemplar": false,
                    "expr": "sum(rate(persistence_transaction{error!=\"\"}[1m])) by (error)",
                    "hide": false,
                    "interval": "",
                    "legendFormat": "Transactions / {{error}}",
                    "refId": "B"
                }
            ],
            "thresholds": [],
            "timeFrom": null,
            "timeRegions": [],
            "timeShift": null,
            "title": "Data Store Error Rate",
            "tooltip": {
                "shared": true,
                "sort": 2,
                "value_type": "individual"
            },
            "type": "graph",
            "xaxis": {
                "buckets": null,
                "mode": "time",
                "name": null,
                "show": true,
                "values": []
            },
            "yaxes": [
                {
                    "format": "reqps",
                    "label": "",
                    "logBase": 1,
                    "max": null,
                    "min": "0",
                    "show": true
                },
                {
                    "format": "short",
                    "label": null,
                    "logBase": 1,
                    "max": null,
                    "min": null,
                    "show": true
                }
            ],
            "yaxis": {
                "align": false,
                "alignLevel": null
            }
        },
        {
            "aliasColors": {},
            "bars": false,
            "dashLength": 10,
            "dashes": false,
            "datasource": "prometheus",
            "description": "The number of running transactions on the datastore.\n\nThis graph shows how many active transactions are running at a given point in time. It helps you understand the load of the system generated by concurrent access to the platform.\n",
            "fieldConfig": {
                "defaults": {
                    "links": []
                },
                "overrides": []
            },
            "fill": 1,
            "fillGradient": 0,
            "gridPos": {
                "h": 7,
                "w": 12,
                "x": 12,
                "y": 35
            },
            "hiddenSeries": false,
            "id": 75,
            "legend": {
                "avg": false,
                "current": false,
                "max": false,
                "min": false,
                "show": true,
                "total": false,
                "values": false
            },
            "lines": true,
            "linewidth": 1,
            "nullPointMode": "null",
            "options": {
                "alertThreshold": true
            },
            "percentage": false,
            "pluginVersion": "7.5.2",
            "pointradius": 2,
            "points": false,
            "renderer": "flot",
            "seriesOverrides": [],
            "spaceLength": 10,
            "stack": false,
            "steppedLine": false,
            "targets": [
                {
                    "exemplar": false,
                    "expr": "sum(persistence_concurrent_transaction{})",
                    "format": "time_series",
                    "instant": false,
                    "interval": "",
                    "intervalFactor": 1,
                    "legendFormat": "Active Tx Count",
                    "refId": "A"
                }
            ],
            "thresholds": [],
            "timeFrom": null,
            "timeRegions": [],
            "timeShift": null,
            "title": "Active Transactions",
            "tooltip": {
                "shared": true,
                "sort": 0,
                "value_type": "individual"
            },
            "type": "graph",
            "xaxis": {
                "buckets": null,
                "mode": "time",
                "name": null,
                "show": true,
                "values": []
            },
            "yaxes": [
                {
                    "format": "short",
                    "label": null,
                    "logBase": 1,
                    "max": null,
                    "min": "0",
                    "show": true
                },
                {
                    "format": "short",
                    "label": null,
                    "logBase": 1,
                    "max": null,
                    "min": null,
                    "show": true
                }
            ],
            "yaxis": {
                "align": false,
                "alignLevel": null
            }
        },
        {
            "collapsed": false,
            "datasource": null,
            "gridPos": {
                "h": 1,
                "w": 24,
                "x": 0,
                "y": 42
            },
            "id": 48,
            "panels": [],
            "title": "NGAC",
            "type": "row"
        },
        {
            "aliasColors": {},
            "bars": false,
            "dashLength": 10,
            "dashes": false,
            "datasource": "prometheus",
            "description": "Successful request rate of PDP grouped by method.\nNGAC is a graph-based authorization framework that consists of three main components:\nPolicy Information Point (PIP): Maintains the NGAC graph. It creates the nodes and edges in the graph that represents the state of the system. The other components of NGAC use this graph to perform access decisions.\nPolicy Decision Point (PDP): Performs access decisions based on the NGAC graph's policies. The PDP is used to perform binary Allow/Deny access decisions (Check) and determine the objects a user has access to (List). These access decisions are enforced at the Policy Enforcement Point (PEP).\nPolicy Enforcement Point (PEP): Enforces access control by calling the PDP to get an access decision. Successful requests to the PDP show the number of requests that the PEP has successfully made to the PDP. A successful request does not represent \"access granted\" decisions; they represent the access decision requests for which a verdict was obtained.\nA drop in this metric may show that operations against the graph are failing. This may mean that the graph is unavailable for reads and this is usually a consequence of failures in the PIP. Failures in the PIP for write operations will result in the graph not being properly updated to the latest status, resulting in access decisions based on stale models.\n",
            "fieldConfig": {
                "defaults": {
                    "links": []
                },
                "overrides": []
            },
            "fill": 1,
            "fillGradient": 0,
            "gridPos": {
                "h": 7,
                "w": 8,
                "x": 0,
                "y": 43
            },
            "hiddenSeries": false,
            "id": 40,
            "legend": {
                "avg": false,
                "current": false,
                "max": false,
                "min": false,
                "show": true,
                "total": false,
                "values": false
            },
            "lines": true,
            "linewidth": 1,
            "nullPointMode": "null as zero",
            "options": {
                "alertThreshold": true
            },
            "percentage": false,
            "pluginVersion": "7.5.2",
            "pointradius": 2,
            "points": false,
            "renderer": "flot",
            "seriesOverrides": [],
            "spaceLength": 10,
            "stack": false,
            "steppedLine": false,
            "targets": [
                {
                    "exemplar": false,
                    "expr": "sum(rate(ngac_pdp_operation{error=\"\"}[1m])) by (method)",
                    "interval": "",
                    "legendFormat": "{{method}}",
                    "refId": "A"
                }
            ],
            "thresholds": [],
            "timeFrom": null,
            "timeRegions": [],
            "timeShift": null,
            "title": "PDP Success Rate",
            "tooltip": {
                "shared": true,
                "sort": 2,
                "value_type": "individual"
            },
            "type": "graph",
            "xaxis": {
                "buckets": null,
                "mode": "time",
                "name": null,
                "show": true,
                "values": []
            },
            "yaxes": [
                {
                    "format": "reqps",
                    "label": "",
                    "logBase": 1,
                    "max": null,
                    "min": "0",
                    "show": true
                },
                {
                    "format": "short",
                    "label": null,
                    "logBase": 1,
                    "max": null,
                    "min": null,
                    "show": true
                }
            ],
            "yaxis": {
                "align": false,
                "alignLevel": null
            }
        },
        {
            "aliasColors": {},
            "bars": false,
            "dashLength": 10,
            "dashes": false,
            "datasource": "prometheus",
            "description": "Rate of errors for PDP requests grouped by method.\nNGAC is a graph-based authorization framework that consists of three main components:\nPolicy Information Point (PIP): Maintains the NGAC graph. It creates the nodes and edges in the graph that represents the state of the system. The other components of NGAC use this graph to perform access decisions.\nPolicy Decision Point (PDP): Performs access decisions based on the NGAC graph's policies. The PDP is used to perform binary Allow/Deny access decisions (Check) and determine the objects a user has access to (List). These access decisions are enforced at the Policy Enforcement Point (PEP).\nPolicy Enforcement Point (PEP): Enforces access control by calling the PDP to get an access decision. Successful requests to the PDP show the number of requests that the PEP has successfully made to the PDP. A successful request does not represent \"access granted\" decisions; they represent the access decision requests where a verdict was obtained.\nFailed requests to the PDP show the number of requests from the PEP to the PDP that have failed. They do not represent \"access denied\" decisions; they represent the access decision requests where a verdict could not be obtained.\nA rise in this metric may show that operations against the graph are failing. This may mean that the graph is unavailable for reads and this is usually a consequence of failures in the PIP. Failures in the PIP for write operations will result in the graph not being correctly updated to the latest status, resulting in access decisions based on stale models.\n",
            "fieldConfig": {
                "defaults": {
                    "links": []
                },
                "overrides": []
            },
            "fill": 1,
            "fillGradient": 0,
            "gridPos": {
                "h": 7,
                "w": 8,
                "x": 8,
                "y": 43
            },
            "hiddenSeries": false,
            "id": 59,
            "legend": {
                "avg": false,
                "current": false,
                "max": false,
                "min": false,
                "show": true,
                "total": false,
                "values": false
            },
            "lines": true,
            "linewidth": 1,
            "nullPointMode": "null as zero",
            "options": {
                "alertThreshold": true
            },
            "percentage": false,
            "pluginVersion": "7.5.2",
            "pointradius": 2,
            "points": false,
            "renderer": "flot",
            "seriesOverrides": [],
            "spaceLength": 10,
            "stack": false,
            "steppedLine": false,
            "targets": [
                {
                    "exemplar": false,
                    "expr": "sum(rate(ngac_pdp_operation{error!=\"\"}[1m])) by (method)",
                    "interval": "",
                    "legendFormat": "{{method}}",
                    "refId": "A"
                }
            ],
            "thresholds": [],
            "timeFrom": null,
            "timeRegions": [],
            "timeShift": null,
            "title": "PDP Error Rate",
            "tooltip": {
                "shared": true,
                "sort": 2,
                "value_type": "individual"
            },
            "type": "graph",
            "xaxis": {
                "buckets": null,
                "mode": "time",
                "name": null,
                "show": true,
                "values": []
            },
            "yaxes": [
                {
                    "format": "reqps",
                    "label": "",
                    "logBase": 1,
                    "max": null,
                    "min": "0",
                    "show": true
                },
                {
                    "format": "short",
                    "label": null,
                    "logBase": 1,
                    "max": null,
                    "min": null,
                    "show": true
                }
            ],
            "yaxis": {
                "align": false,
                "alignLevel": null
            }
        },
        {
            "aliasColors": {},
            "bars": false,
            "dashLength": 10,
            "dashes": false,
            "datasource": "prometheus",
            "description": "PDP latency percentiles grouped by method.\nNGAC is a graph-based authorization framework that consists of three main components:\nPolicy Information Point (PIP): Maintains the NGAC graph. It creates the nodes and edges in the graph that represents the state of the system. The other components of NGAC use this graph to perform access decisions.\nPolicy Decision Point (PDP): Performs access decisions based on the NGAC graph's policies. The PDP is used to perform binary Allow/Deny access decisions (Check) and determine the objects a user has access to (List). These access decisions are enforced at the Policy Enforcement Point (PEP).\nPolicy Enforcement Point (PEP): Enforces access control by calling the PDP to get an access decision. Successful requests to the PDP show the number of requests that the PEP has successfully made to the PDP. A successful request does not represent \"access granted\" decisions; they represent the access decision requests for which a verdict was obtained.\nThis metric shows the time it takes to get an access decision for authorization requests.\nDegradation in PDP operations may result in general degradation of the system. PDP latency represents the time it takes to make access decisions, and that will impact user experience since access decisions are made and enforced for every operation.\n",
            "fieldConfig": {
                "defaults": {
                    "links": []
                },
                "overrides": []
            },
            "fill": 1,
            "fillGradient": 0,
            "gridPos": {
                "h": 7,
                "w": 8,
                "x": 16,
                "y": 43
            },
            "hiddenSeries": false,
            "id": 44,
            "legend": {
                "avg": false,
                "current": false,
                "max": false,
                "min": false,
                "show": true,
                "total": false,
                "values": false
            },
            "lines": true,
            "linewidth": 1,
            "nullPointMode": "null",
            "options": {
                "alertThreshold": true
            },
            "percentage": false,
            "pluginVersion": "7.5.2",
            "pointradius": 2,
            "points": false,
            "renderer": "flot",
            "seriesOverrides": [],
            "spaceLength": 10,
            "stack": false,
            "steppedLine": false,
            "targets": [
                {
                    "exemplar": false,
                    "expr": "histogram_quantile(0.99, sum(rate(ngac_pdp_operation_duration_bucket{}[1m])) by (method, le))",
                    "interval": "",
                    "legendFormat": "{{method}} P99",
                    "refId": "A"
                },
                {
                    "exemplar": false,
                    "expr": "histogram_quantile(0.95, sum(rate(ngac_pdp_operation_duration_bucket{}[1m])) by (method, le))",
                    "interval": "",
                    "legendFormat": "{{method}} P95",
                    "refId": "B"
                }
            ],
            "thresholds": [],
            "timeFrom": null,
            "timeRegions": [],
            "timeShift": null,
            "title": "PDP Latency",
            "tooltip": {
                "shared": true,
                "sort": 0,
                "value_type": "individual"
            },
            "type": "graph",
            "xaxis": {
                "buckets": null,
                "mode": "time",
                "name": null,
                "show": true,
                "values": []
            },
            "yaxes": [
                {
                    "format": "ms",
                    "label": null,
                    "logBase": 1,
                    "max": null,
                    "min": "0",
                    "show": true
                },
                {
                    "format": "short",
                    "label": null,
                    "logBase": 1,
                    "max": null,
                    "min": null,
                    "show": true
                }
            ],
            "yaxis": {
                "align": false,
                "alignLevel": null
            }
        },
        {
            "aliasColors": {},
            "bars": false,
            "dashLength": 10,
            "dashes": false,
            "datasource": "prometheus",
            "description": "Successful request rate of PIP grouped by method.\n\nNGAC is a graph based authorization framework that consists on three main components:\n\n* Policy Information Point (PIP): Maintains the NGAC graph. It creates the nodes and edges in the graph that represents the state of the system. This graph is used by the other components of NGAC to perform access decisions.\n* Policy Decision Point (PDP): Performs access decisions based on the policies configured in the NGAC graph. The PDP is used to perform binary Allow/Deny access decisions (Check), and to determine the objects a user has access to (List). These access decisions are enforced at the Policy Enforcement Point (PEP).\n* Policy Enforcement Point (PEP): Enforces access control by calling the PDP to get an access decision. Successful requests to the PDP show the number of requests that the PEP has successfully made to the PDP. Successful request do not represent \"access granted\" decisions; they just represent the access decision requests for which a verdict was obtained.\n\nPIP operations are executed against the NGAC graph to represent and maintain the objects in the system and the relationships between them.\n\nA drop in this metric may show that operations against the graph are failing. This may mean that the graph is unavailable for reads, or that it is failing to persist data. Read failures may result in failed access decisions (in the PDP) and user interaction with the system may be rejected as well. Failures in write operations will result in the graph not being properly updated to the latest status and that could result in access decisions based on stale models.",
            "fieldConfig": {
                "defaults": {
                    "links": []
                },
                "overrides": []
            },
            "fill": 1,
            "fillGradient": 0,
            "gridPos": {
                "h": 7,
                "w": 12,
                "x": 0,
                "y": 50
            },
            "hiddenSeries": false,
            "id": 77,
            "legend": {
                "avg": false,
                "current": false,
                "max": false,
                "min": false,
                "show": true,
                "total": false,
                "values": false
            },
            "lines": true,
            "linewidth": 1,
            "nullPointMode": "null as zero",
            "options": {
                "alertThreshold": true
            },
            "percentage": false,
            "pluginVersion": "7.5.2",
            "pointradius": 2,
            "points": false,
            "renderer": "flot",
            "seriesOverrides": [],
            "spaceLength": 10,
            "stack": false,
            "steppedLine": false,
            "targets": [
                {
                    "exemplar": false,
                    "expr": "sum(rate(ngac_pip_operation{error=\"\"}[1m])) by (method)",
                    "interval": "",
                    "legendFormat": "{{method}}",
                    "refId": "A"
                }
            ],
            "thresholds": [],
            "timeFrom": null,
            "timeRegions": [],
            "timeShift": null,
            "title": "PIP Success Rate",
            "tooltip": {
                "shared": true,
                "sort": 2,
                "value_type": "individual"
            },
            "type": "graph",
            "xaxis": {
                "buckets": null,
                "mode": "time",
                "name": null,
                "show": true,
                "values": []
            },
            "yaxes": [
                {
                    "format": "reqps",
                    "label": "",
                    "logBase": 1,
                    "max": null,
                    "min": "0",
                    "show": true
                },
                {
                    "format": "short",
                    "label": null,
                    "logBase": 1,
                    "max": null,
                    "min": null,
                    "show": true
                }
            ],
            "yaxis": {
                "align": false,
                "alignLevel": null
            }
        },
        {
            "aliasColors": {},
            "bars": false,
            "dashLength": 10,
            "dashes": false,
            "datasource": "prometheus",
            "description": "PiP latency percentiles grouped by method.\n\nNGAC is a graph based authorization framework that consists on three main components:\n\n* Policy Information Point (PIP): Maintains the NGAC graph. It creates the nodes and edges in the graph that represents the state of the system. This graph is used by the other components of NGAC to perform access decisions.\n* Policy Decision Point (PDP): Performs access decisions based on the policies configured in the NGAC graph. The PDP is used to perform binary Allow/Deny access decisions (Check), and to determine the objects a user has access to (List). These access decisions are enforced at the Policy Enforcement Point (PEP).\n* Policy Enforcement Point (PEP): Enforces access control by calling the PDP to get an access decision. Successful requests to the PDP show the number of requests that the PEP has successfully made to the PDP. Successful request do not represent \"access granted\" decisions; they just represent the access decision requests for which a verdict was obtained.\n\nThis metric shows the time it takes for a PIP operation to complete and, in the case of write operations, to have data persisted in the NGAC graph.\n\nDegradation in PIP operations may result in general degradation of the system. PIP latency represents the time it takes to access the NGAC graph, and this directly affects the PDP when running access decisions. A degraded PIP may result in a degraded PDP, and that will impact user experience, as access decisions are made and enforced for every operation.",
            "fieldConfig": {
                "defaults": {
                    "links": []
                },
                "overrides": []
            },
            "fill": 1,
            "fillGradient": 0,
            "gridPos": {
                "h": 7,
                "w": 12,
                "x": 12,
                "y": 50
            },
            "hiddenSeries": false,
            "id": 79,
            "legend": {
                "avg": false,
                "current": false,
                "max": false,
                "min": false,
                "show": true,
                "total": false,
                "values": false
            },
            "lines": true,
            "linewidth": 1,
            "nullPointMode": "null",
            "options": {
                "alertThreshold": true
            },
            "percentage": false,
            "pluginVersion": "7.5.2",
            "pointradius": 2,
            "points": false,
            "renderer": "flot",
            "seriesOverrides": [],
            "spaceLength": 10,
            "stack": false,
            "steppedLine": false,
            "targets": [
                {
                    "exemplar": false,
                    "expr": "histogram_quantile(0.99, sum(rate(ngac_pip_operation_duration_bucket{}[1m])) by (method, le))",
                    "interval": "",
                    "legendFormat": "{{method}} P99",
                    "refId": "A"
                },
                {
                    "exemplar": false,
                    "expr": "histogram_quantile(0.95, sum(rate(ngac_pip_operation_duration_bucket{}[1m])) by (method, le))",
                    "interval": "",
                    "legendFormat": "{{method}} P95",
                    "refId": "B"
                }
            ],
            "thresholds": [],
            "timeFrom": null,
            "timeRegions": [],
            "timeShift": null,
            "title": "PIP Latency",
            "tooltip": {
                "shared": true,
                "sort": 0,
                "value_type": "individual"
            },
            "type": "graph",
            "xaxis": {
                "buckets": null,
                "mode": "time",
                "name": null,
                "show": true,
                "values": []
            },
            "yaxes": [
                {
                    "format": "ms",
                    "label": null,
                    "logBase": 1,
                    "max": null,
                    "min": "0",
                    "show": true
                },
                {
                    "format": "short",
                    "label": null,
                    "logBase": 1,
                    "max": null,
                    "min": null,
                    "show": true
                }
            ],
            "yaxis": {
                "align": false,
                "alignLevel": null
            }
        },
        {
            "aliasColors": {},
            "bars": false,
            "dashLength": 10,
            "dashes": false,
            "datasource": "prometheus",
            "description": "Rate of errors for PIP requests grouped by method.\n\nNGAC is a graph based authorization framework that consists on three main components:\n\n* Policy Information Point (PIP): Maintains the NGAC graph. It creates the nodes and edges in the graph that represents the state of the system. This graph is used by the other components of NGAC to perform access decisions.\n* Policy Decision Point (PDP): Performs access decisions based on the policies configured in the NGAC graph. The PDP is used to perform binary Allow/Deny access decisions (Check), and to determine the objects a user has access to (List). These access decisions are enforced at the Policy Enforcement Point (PEP).\n* Policy Enforcement Point (PEP): Enforces access control by calling the PDP to get an access decision. Successful requests to the PDP show the number of requests that the PEP has successfully made to the PDP. Successful request do not represent \"access granted\" decisions; they just represent the access decision requests for which a verdict was obtained.\n\nPIP operations are executed against the NGAC graph to represent and maintain the objects in the system and the relationships between them.\n\nNote: the \"Node not found\" errors are explicitly excluded as TSB often uses `GetNode` method instead of `Exists` to determine the node existence, for the purposes of optimisation.\n\nA general raise in this metric may show that operations against the graph are failing. This may mean that the graph is unavailable for reads, or that it is failing to persist data. Read failures may result in failed access decisions (in the PDP) and user interaction with the system may be rejected as well. Failures in write operations will result in the graph not being properly updated to the latest status and that could result in access decisions based on stale models.",
            "fieldConfig": {
                "defaults": {
                    "links": []
                },
                "overrides": []
            },
            "fill": 1,
            "fillGradient": 0,
            "gridPos": {
                "h": 7,
                "w": 12,
                "x": 0,
                "y": 57
            },
            "hiddenSeries": false,
            "id": 78,
            "legend": {
                "avg": false,
                "current": false,
                "max": false,
                "min": false,
                "show": true,
                "total": false,
                "values": false
            },
            "lines": true,
            "linewidth": 1,
            "nullPointMode": "null as zero",
            "options": {
                "alertThreshold": true
            },
            "percentage": false,
            "pluginVersion": "7.5.2",
            "pointradius": 2,
            "points": false,
            "renderer": "flot",
            "seriesOverrides": [],
            "spaceLength": 10,
            "stack": false,
            "steppedLine": false,
            "targets": [
                {
                    "exemplar": false,
                    "expr": "sum(rate(ngac_pip_operation{error!=\"\", error!=\"Node not found\"}[1m])) by (method)",
                    "interval": "",
                    "legendFormat": "{{method}}",
                    "refId": "A"
                }
            ],
            "thresholds": [],
            "timeFrom": null,
            "timeRegions": [],
            "timeShift": null,
            "title": "PIP Error Rate",
            "tooltip": {
                "shared": true,
                "sort": 2,
                "value_type": "individual"
            },
            "type": "graph",
            "xaxis": {
                "buckets": null,
                "mode": "time",
                "name": null,
                "show": true,
                "values": []
            },
            "yaxes": [
                {
                    "format": "reqps",
                    "label": "",
                    "logBase": 1,
                    "max": null,
                    "min": "0",
                    "show": true
                },
                {
                    "format": "short",
                    "label": null,
                    "logBase": 1,
                    "max": null,
                    "min": null,
                    "show": true
                }
            ],
            "yaxis": {
                "align": false,
                "alignLevel": null
            }
        },
        {
            "aliasColors": {},
            "bars": false,
            "dashLength": 10,
            "dashes": false,
            "datasource": "prometheus",
            "description": "The number of running transactions on the NGAC PIP.\nNGAC is a graph-based authorization framework that consists on three main components:\nPolicy Information Point (PIP): Maintains the NGAC graph. It creates the nodes and edges in the graph that represents the state of the system. The other components of NGAC use this graph to perform access decisions.\nPolicy Decision Point (PDP): Performs access decisions based on the NGAC graph's policies. The PDP is used to perform binary Allow/Deny access decisions (Check) and determine the objects a user has access to (List). These access decisions are enforced at the Policy Enforcement Point (PEP).\nPolicy Enforcement Point (PEP): Enforces access control by calling the PDP to get an access decision. Successful requests to the PDP show the number of requests that the PEP has successfully made to the PDP. A successful request does not represent \"access granted\" decisions; they represent the access decision requests for which a verdict was obtained.\nThis metric shows the number of active write operations against the NGAC graph. It can be useful to understand the load of the system generated by concurrent access to the platform.\n",
            "fieldConfig": {
                "defaults": {
                    "links": []
                },
                "overrides": []
            },
            "fill": 1,
            "fillGradient": 0,
            "gridPos": {
                "h": 7,
                "w": 12,
                "x": 12,
                "y": 57
            },
            "hiddenSeries": false,
            "id": 76,
            "legend": {
                "avg": false,
                "current": false,
                "max": false,
                "min": false,
                "show": true,
                "total": false,
                "values": false
            },
            "lines": true,
            "linewidth": 1,
            "nullPointMode": "null",
            "options": {
                "alertThreshold": true
            },
            "percentage": false,
            "pluginVersion": "7.5.2",
            "pointradius": 2,
            "points": false,
            "renderer": "flot",
            "seriesOverrides": [],
            "spaceLength": 10,
            "stack": false,
            "steppedLine": false,
            "targets": [
                {
                    "exemplar": false,
                    "expr": "sum(ngac_pip_concurrent_transaction{})",
                    "format": "time_series",
                    "instant": false,
                    "interval": "",
                    "intervalFactor": 1,
                    "legendFormat": "Active PIP Tx Count",
                    "refId": "A"
                }
            ],
            "thresholds": [],
            "timeFrom": null,
            "timeRegions": [],
            "timeShift": null,
            "title": "Active PIP Transactions",
            "tooltip": {
                "shared": true,
                "sort": 0,
                "value_type": "individual"
            },
            "type": "graph",
            "xaxis": {
                "buckets": null,
                "mode": "time",
                "name": null,
                "show": true,
                "values": []
            },
            "yaxes": [
                {
                    "format": "short",
                    "label": null,
                    "logBase": 1,
                    "max": null,
                    "min": "0",
                    "show": true
                },
                {
                    "format": "short",
                    "label": null,
                    "logBase": 1,
                    "max": null,
                    "min": null,
                    "show": true
                }
            ],
            "yaxis": {
                "align": false,
                "alignLevel": null
            }
        }
    ],
    "refresh": "1m",
    "schemaVersion": 27,
    "style": "dark",
    "tags": ["tsb", "iam", "front-envoy", "ngac"],
    "templating": {},
    "time": {
        "from": "now-3h",
        "to": "now"
    },
    "timepicker": {
        "refresh_intervals": ["5s", "10s", "30s", "1m", "5m", "15m", "30m", "1h", "2h", "1d"]
    },
    "timezone": "utc",
    "title": "TSB Operational Status",
    "uid": "89oz0-6Wz2",
    "version": 1
}
