{
    "annotations": {
        "list": [
            {
                "builtIn": 1,
                "datasource": "-- Grafana --",
                "enable": true,
                "hide": true,
                "iconColor": "rgba(0, 211, 255, 1)",
                "name": "Annotations & Alerts",
                "target": {
                    "limit": 100,
                    "matchAny": false,
                    "tags": [],
                    "type": "dashboard"
                },
                "type": "dashboard"
            }
        ]
    },
    "description": "Operational metrics to indicate XCP Central health.",
    "editable": true,
    "gnetId": null,
    "graphTooltip": 0,
    "id": 2,
    "iteration": 1666242933944,
    "links": [],
    "panels": [
        {
            "datasource": null,
            "fieldConfig": {
                "defaults": {
                    "color": {
                        "fixedColor": "semi-dark-green",
                        "mode": "fixed"
                    },
                    "mappings": [],
                    "thresholds": {
                        "mode": "absolute",
                        "steps": [
                            {
                                "color": "green",
                                "value": null
                            }
                        ]
                    },
                    "unit": "dtdhms"
                },
                "overrides": []
            },
            "gridPos": {
                "h": 1,
                "w": 6,
                "x": 9,
                "y": 0
            },
            "id": 37,
            "options": {
                "colorMode": "value",
                "graphMode": "none",
                "justifyMode": "auto",
                "orientation": "auto",
                "reduceOptions": {
                    "calcs": ["lastNotNull"],
                    "fields": "",
                    "values": false
                },
                "text": {
                    "titleSize": 14,
                    "valueSize": 16
                },
                "textMode": "value_and_name"
            },
            "pluginVersion": "7.5.13",
            "targets": [
                {
                    "exemplar": true,
                    "expr": "time() - process_start_time_seconds{component=\"xcp\",plane=\"management\"}",
                    "format": "table",
                    "instant": true,
                    "interval": "",
                    "legendFormat": "",
                    "refId": "A"
                }
            ],
            "transformations": [
                {
                    "id": "organize",
                    "options": {
                        "excludeByName": {},
                        "indexByName": {},
                        "renameByName": {
                            "Value": "Uptime",
                            "Value #A": "XCP Central uptime"
                        }
                    }
                }
            ],
            "type": "stat"
        },
        {
            "datasource": null,
            "description": "",
            "fieldConfig": {
                "defaults": {
                    "custom": {
                        "align": "left",
                        "displayMode": "auto",
                        "filterable": true
                    },
                    "displayName": "nodoc",
                    "mappings": [],
                    "thresholds": {
                        "mode": "absolute",
                        "steps": [
                            {
                                "color": "green",
                                "value": null
                            }
                        ]
                    }
                },
                "overrides": []
            },
            "gridPos": {
                "h": 2,
                "w": 24,
                "x": 0,
                "y": 1
            },
            "id": 12,
            "options": {
                "footer": {
                    "fields": "",
                    "reducer": ["sum"],
                    "show": false
                },
                "frameIndex": 1,
                "showHeader": false,
                "sortBy": []
            },
            "pluginVersion": "7.5.13",
            "targets": [
                {
                    "exemplar": false,
                    "expr": "label_replace(xcp_central_version{}, \"xcp_version\", \"$1\", \"version\", \"(.*)\")",
                    "format": "table",
                    "hide": false,
                    "instant": true,
                    "interval": "",
                    "intervalFactor": 1,
                    "legendFormat": "",
                    "refId": "A"
                }
            ],
            "title": "XCP Central Version",
            "transformations": [
                {
                    "id": "filterFieldsByName",
                    "options": {
                        "include": {
                            "names": ["version", "__name__"]
                        }
                    }
                },
                {
                    "id": "merge",
                    "options": {}
                },
                {
                    "id": "organize",
                    "options": {
                        "excludeByName": {},
                        "indexByName": {},
                        "renameByName": {
                            "__name__": "component"
                        }
                    }
                }
            ],
            "type": "table"
        },
        {
            "collapsed": false,
            "datasource": null,
            "gridPos": {
                "h": 1,
                "w": 24,
                "x": 0,
                "y": 3
            },
            "id": 2,
            "panels": [],
            "title": "XCP Central",
            "type": "row"
        },
        {
            "datasource": null,
            "description": "Since the default cluster state resync time is 10 minutes, any value higher than 600-700 seconds is considered abnormal.",
            "fieldConfig": {
                "defaults": {
                    "color": {
                        "mode": "thresholds"
                    },
                    "mappings": [],
                    "thresholds": {
                        "mode": "absolute",
                        "steps": [
                            {
                                "color": "green",
                                "value": null
                            },
                            {
                                "color": "red",
                                "value": 1000
                            }
                        ]
                    },
                    "unit": "short"
                },
                "overrides": []
            },
            "gridPos": {
                "h": 9,
                "w": 12,
                "x": 0,
                "y": 4
            },
            "id": 24,
            "options": {
                "displayMode": "gradient",
                "minVizHeight": 10,
                "minVizWidth": 0,
                "orientation": "horizontal",
                "reduceOptions": {
                    "calcs": ["lastNotNull"],
                    "fields": "",
                    "values": false
                },
                "showUnfilled": true,
                "text": {}
            },
            "pluginVersion": "7.5.13",
            "targets": [
                {
                    "exemplar": true,
                    "expr": "time() - max((increase(xcp_central_current_onboarded_edge[2m]) unless increase(xcp_central_current_onboarded_edge[2m]) == 0) + on(edge) group_right xcp_central_last_config_propagation_event_timestamp_ms{edge!=\"\", status=\"received\" , type=\"cluster_state\"} /1000) by (edge,type) ",
                    "hide": false,
                    "interval": "",
                    "legendFormat": "{{edge}}/{{type}}",
                    "refId": "C"
                }
            ],
            "title": "Time since last cluster state received from the edge (seconds)",
            "type": "bargauge"
        },
        {
            "datasource": null,
            "description": "",
            "fieldConfig": {
                "defaults": {
                    "color": {
                        "mode": "thresholds"
                    },
                    "mappings": [],
                    "thresholds": {
                        "mode": "absolute",
                        "steps": [
                            {
                                "color": "green",
                                "value": null
                            },
                            {
                                "color": "red",
                                "value": 1000
                            }
                        ]
                    }
                },
                "overrides": []
            },
            "gridPos": {
                "h": 9,
                "w": 12,
                "x": 12,
                "y": 4
            },
            "id": 25,
            "options": {
                "displayMode": "gradient",
                "minVizHeight": 10,
                "minVizWidth": 0,
                "orientation": "horizontal",
                "reduceOptions": {
                    "calcs": ["lastNotNull"],
                    "fields": "",
                    "values": false
                },
                "showUnfilled": true,
                "text": {}
            },
            "pluginVersion": "7.5.13",
            "targets": [
                {
                    "exemplar": false,
                    "expr": "time() - max((xcp_central_last_cluster_state_event_timestamp_ms{} / 1000  unless on(peer_cluster_name) label_replace(increase(xcp_central_current_onboarded_edge[5m]),\"peer_cluster_name\", \"$1\", \"edge\", \"(.*)\") == 0) unless on(cluster_state_event_cluster_name) label_replace(increase(xcp_central_current_onboarded_edge[5m]),\"cluster_state_event_cluster_name\", \"$1\", \"edge\", \"(.*)\") == 0) by (peer_cluster_name, cluster_state_event_cluster_name)",
                    "format": "time_series",
                    "interval": "",
                    "legendFormat": "cluster-state({{cluster_state_event_cluster_name}} )-> client({{peer_cluster_name}})",
                    "refId": "A"
                }
            ],
            "title": "Time since cluster states were sent to the MPC and Edges clients (seconds)",
            "type": "bargauge"
        },
        {
            "datasource": null,
            "description": "Because regular periodic resync requests would be coming, a high value than the resync period, 60 sec default,  is not normal.",
            "fieldConfig": {
                "defaults": {
                    "color": {
                        "mode": "thresholds"
                    },
                    "mappings": [],
                    "thresholds": {
                        "mode": "absolute",
                        "steps": [
                            {
                                "color": "green",
                                "value": null
                            },
                            {
                                "color": "red",
                                "value": 80
                            }
                        ]
                    },
                    "unit": "short"
                },
                "overrides": []
            },
            "gridPos": {
                "h": 9,
                "w": 12,
                "x": 0,
                "y": 13
            },
            "id": 26,
            "options": {
                "displayMode": "gradient",
                "minVizHeight": 10,
                "minVizWidth": 0,
                "orientation": "horizontal",
                "reduceOptions": {
                    "calcs": ["lastNotNull"],
                    "fields": "",
                    "values": false
                },
                "showUnfilled": true,
                "text": {}
            },
            "pluginVersion": "7.5.13",
            "targets": [
                {
                    "exemplar": true,
                    "expr": "time() - max((increase(xcp_central_current_onboarded_edge[2m]) unless increase(xcp_central_current_onboarded_edge[2m]) == 0) + on(edge) group_right xcp_central_last_config_propagation_event_timestamp_ms{edge!=\"\", status=\"received\", type=\"config_resync_request\" } /1000) by (edge,type) ",
                    "hide": false,
                    "interval": "",
                    "legendFormat": "{{edge}}/{{type}}",
                    "refId": "C"
                }
            ],
            "title": "Time since config resync  request is received from the edge (seconds)",
            "type": "bargauge"
        },
        {
            "datasource": null,
            "description": "Sent: Time since configs like workspaces, traffic groups etc were sent to the edge.  In steady state,  a very high value is fine\n",
            "fieldConfig": {
                "defaults": {
                    "color": {
                        "mode": "thresholds"
                    },
                    "mappings": [],
                    "thresholds": {
                        "mode": "absolute",
                        "steps": [
                            {
                                "color": "green",
                                "value": null
                            }
                        ]
                    },
                    "unit": "short"
                },
                "overrides": []
            },
            "gridPos": {
                "h": 9,
                "w": 12,
                "x": 12,
                "y": 13
            },
            "id": 10,
            "options": {
                "displayMode": "gradient",
                "minVizHeight": 10,
                "minVizWidth": 0,
                "orientation": "horizontal",
                "reduceOptions": {
                    "calcs": ["last"],
                    "fields": "",
                    "values": false
                },
                "showUnfilled": true,
                "text": {}
            },
            "pluginVersion": "7.5.13",
            "targets": [
                {
                    "exemplar": true,
                    "expr": "time() - max((increase(xcp_central_current_onboarded_edge[1m]) unless increase(xcp_central_current_onboarded_edge[1m]) == 0) + on(edge) group_right xcp_central_last_config_propagation_event_timestamp_ms{edge!=\"\", status=\"sent\" } /1000) by (edge,type)",
                    "hide": false,
                    "interval": "",
                    "legendFormat": "{{edge}} ",
                    "refId": "B"
                }
            ],
            "title": "Time since config CRs sent to  the edge (seconds)",
            "type": "bargauge"
        },
        {
            "aliasColors": {},
            "bars": false,
            "dashLength": 10,
            "dashes": false,
            "datasource": null,
            "description": "Number of times any message is received by central from edges\n\nMessages received by central from any edge are of three types:\n1. Periodic(per minute by default) config resync request\n2. cluster state\n3. Header message to ack the config received\n\nThis number is combined count of all three in the last 5 min.  ",
            "fieldConfig": {
                "defaults": {},
                "overrides": []
            },
            "fill": 1,
            "fillGradient": 0,
            "gridPos": {
                "h": 7,
                "w": 12,
                "x": 0,
                "y": 22
            },
            "hiddenSeries": false,
            "id": 20,
            "legend": {
                "alignAsTable": true,
                "avg": true,
                "current": true,
                "max": true,
                "min": true,
                "rightSide": true,
                "show": true,
                "total": true,
                "values": true
            },
            "lines": true,
            "linewidth": 1,
            "nullPointMode": "null",
            "options": {
                "alertThreshold": false
            },
            "percentage": false,
            "pluginVersion": "7.5.13",
            "pointradius": 2,
            "points": false,
            "renderer": "flot",
            "seriesOverrides": [],
            "spaceLength": 10,
            "stack": false,
            "steppedLine": true,
            "targets": [
                {
                    "expr": "increase(xcp_central_config_propagation_event_count{status=\"received\",type=\"config_resync_request\"}[5m]) unless on(edge) increase(xcp_central_current_onboarded_edge[5m]) == 0",
                    "interval": "",
                    "legendFormat": "{{edge}}/{{type}}",
                    "refId": "A"
                },
                {
                    "expr": "increase(xcp_central_config_propagation_event_count{status=\"received\",type=\"cluster_state\"}[5m]) unless on(edge) increase(xcp_central_current_onboarded_edge[5m]) == 0",
                    "interval": "",
                    "legendFormat": "{{edge}}/{{type}}",
                    "refId": "B"
                }
            ],
            "thresholds": [],
            "timeFrom": null,
            "timeRegions": [],
            "timeShift": null,
            "title": "messages received by central from edges in last 5 min",
            "tooltip": {
                "shared": true,
                "sort": 0,
                "value_type": "individual"
            },
            "type": "graph",
            "xaxis": {
                "buckets": null,
                "mode": "time",
                "name": null,
                "show": true,
                "values": []
            },
            "yaxes": [
                {
                    "format": "short",
                    "logBase": 1,
                    "show": true
                },
                {
                    "format": "short",
                    "logBase": 1,
                    "show": true
                }
            ],
            "yaxis": {
                "align": false
            }
        },
        {
            "aliasColors": {},
            "bars": false,
            "dashLength": 10,
            "dashes": false,
            "datasource": null,
            "decimals": 1,
            "description": "Number of times config CRs like workspaces. traffic groups etc sent by central in last 5m",
            "fieldConfig": {
                "defaults": {},
                "overrides": []
            },
            "fill": 2,
            "fillGradient": 0,
            "gridPos": {
                "h": 7,
                "w": 12,
                "x": 12,
                "y": 22
            },
            "hiddenSeries": false,
            "id": 22,
            "legend": {
                "alignAsTable": true,
                "avg": false,
                "current": true,
                "max": false,
                "min": false,
                "rightSide": true,
                "show": true,
                "sort": "current",
                "sortDesc": true,
                "total": false,
                "values": true
            },
            "lines": true,
            "linewidth": 2,
            "nullPointMode": "connected",
            "options": {
                "alertThreshold": false
            },
            "percentage": false,
            "pluginVersion": "7.5.13",
            "pointradius": 2,
            "points": false,
            "renderer": "flot",
            "seriesOverrides": [],
            "spaceLength": 10,
            "stack": false,
            "steppedLine": true,
            "targets": [
                {
                    "exemplar": false,
                    "expr": "increase(xcp_central_config_propagation_event_count{status=\"sent\"}[5m]) unless on(edge) increase(xcp_central_current_onboarded_edge[5m]) == 0",
                    "format": "time_series",
                    "interval": "",
                    "legendFormat": "{{edge}} /{{type}}",
                    "refId": "A"
                }
            ],
            "thresholds": [],
            "timeFrom": null,
            "timeRegions": [],
            "timeShift": null,
            "title": "Number of times config CRs sent by central to the edges in last 5m",
            "tooltip": {
                "shared": true,
                "sort": 0,
                "value_type": "individual"
            },
            "type": "graph",
            "xaxis": {
                "buckets": null,
                "mode": "time",
                "name": null,
                "show": true,
                "values": []
            },
            "yaxes": [
                {
                    "format": "none",
                    "label": "event count",
                    "logBase": 1,
                    "min": "0",
                    "show": true
                },
                {
                    "format": "none",
                    "logBase": 1,
                    "show": true
                }
            ],
            "yaxis": {
                "align": false
            }
        },
        {
            "aliasColors": {},
            "bars": false,
            "dashLength": 10,
            "dashes": false,
            "datasource": null,
            "description": "Distribution of time to propagate updates from Central (Management plane) to Edges. If there is no config push in last  one minute, you will see all 0s, which is expected.",
            "fieldConfig": {
                "defaults": {},
                "overrides": []
            },
            "fill": 2,
            "fillGradient": 0,
            "gridPos": {
                "h": 7,
                "w": 12,
                "x": 0,
                "y": 29
            },
            "hiddenSeries": false,
            "id": 8,
            "legend": {
                "alignAsTable": true,
                "avg": false,
                "current": true,
                "max": true,
                "min": true,
                "rightSide": true,
                "show": true,
                "total": false,
                "values": true
            },
            "lines": true,
            "linewidth": 2,
            "nullPointMode": "connected",
            "options": {
                "alertThreshold": true
            },
            "percentage": false,
            "pluginVersion": "7.5.13",
            "pointradius": 2,
            "points": false,
            "renderer": "flot",
            "seriesOverrides": [],
            "spaceLength": 10,
            "stack": false,
            "steppedLine": true,
            "targets": [
                {
                    "exemplar": false,
                    "expr": "histogram_quantile(0.99, sum(rate(xcp_central_config_propagation_time_ms_bucket{}[1m])) by (le, edge)) unless on(edge) increase(xcp_central_current_onboarded_edge[5m]) == 0",
                    "interval": "",
                    "legendFormat": "{{edge}} p99",
                    "refId": "A"
                },
                {
                    "exemplar": false,
                    "expr": "histogram_quantile(0.95, sum(rate(xcp_central_config_propagation_time_ms_bucket{}[1m])) by (le, edge)) unless on(edge) increase(xcp_central_current_onboarded_edge[5m]) == 0",
                    "interval": "",
                    "legendFormat": "{{edge}} p95",
                    "refId": "B"
                },
                {
                    "exemplar": false,
                    "expr": "histogram_quantile(0.90, sum(rate(xcp_central_config_propagation_time_ms_bucket{}[1m])) by (le, edge)) unless on(edge) increase(xcp_central_current_onboarded_edge[5m]) == 0",
                    "interval": "",
                    "legendFormat": "{{edge}} p90",
                    "refId": "C"
                },
                {
                    "exemplar": false,
                    "expr": "histogram_quantile(0.75, sum(rate(xcp_central_config_propagation_time_ms_bucket{}[1m])) by (le, edge)) unless on(edge) increase(xcp_central_current_onboarded_edge[5m]) == 0",
                    "interval": "",
                    "legendFormat": "{{edge}} p75",
                    "refId": "D"
                },
                {
                    "exemplar": false,
                    "expr": "histogram_quantile(0.50, sum(rate(xcp_central_config_propagation_time_ms_bucket{}[1m])) by (le, edge)) unless on(edge) increase(xcp_central_current_onboarded_edge[5m]) == 0",
                    "interval": "",
                    "legendFormat": "{{edge}} p50",
                    "refId": "E"
                }
            ],
            "thresholds": [],
            "timeFrom": null,
            "timeRegions": [],
            "timeShift": null,
            "title": "Config Propagation Latency by Edge",
            "tooltip": {
                "shared": true,
                "sort": 0,
                "value_type": "individual"
            },
            "type": "graph",
            "xaxis": {
                "buckets": null,
                "mode": "time",
                "name": null,
                "show": true,
                "values": []
            },
            "yaxes": [
                {
                    "format": "dtdurationms",
                    "logBase": 1,
                    "min": "0",
                    "show": true
                },
                {
                    "format": "short",
                    "logBase": 1,
                    "show": true
                }
            ],
            "yaxis": {
                "align": false
            }
        },
        {
            "aliasColors": {},
            "bars": false,
            "dashLength": 10,
            "dashes": false,
            "datasource": null,
            "description": "Central enqueues the config push request to the debouncer(an internal component of central) when:\n- It receives event about config resources from k8s apiserver , or\n- Any edge connects first time,  or \n- It is handling a periodic resync request from any of the edges.\n\nIn either case, if central meets an error in the event handling before en-queuing the config push request to the debouncer, this metric gets incremented. \nSo this panel is inversely related to \"config push(to the edges) requests enqueued to debouncer in last 5 min\". ",
            "fieldConfig": {
                "defaults": {},
                "overrides": []
            },
            "fill": 0,
            "fillGradient": 0,
            "gridPos": {
                "h": 7,
                "w": 12,
                "x": 12,
                "y": 29
            },
            "hiddenSeries": false,
            "id": 5,
            "legend": {
                "alignAsTable": true,
                "avg": true,
                "current": true,
                "max": false,
                "min": false,
                "rightSide": true,
                "show": true,
                "total": true,
                "values": true
            },
            "lines": true,
            "linewidth": 2,
            "nullPointMode": "connected",
            "options": {
                "alertThreshold": false
            },
            "percentage": false,
            "pluginVersion": "7.5.13",
            "pointradius": 2,
            "points": false,
            "renderer": "flot",
            "seriesOverrides": [],
            "spaceLength": 10,
            "stack": false,
            "steppedLine": false,
            "targets": [
                {
                    "exemplar": false,
                    "expr": "\nincrease(xcp_central_config_update_error_count{}[5m]) OR on() vector(0)",
                    "interval": "",
                    "legendFormat": "errors",
                    "refId": "A"
                }
            ],
            "thresholds": [],
            "timeFrom": null,
            "timeRegions": [],
            "timeShift": null,
            "title": "Errors in config push REQUESTS to the edges in last 5 minutes",
            "tooltip": {
                "shared": true,
                "sort": 0,
                "value_type": "individual"
            },
            "type": "graph",
            "xaxis": {
                "buckets": null,
                "mode": "time",
                "name": null,
                "show": true,
                "values": []
            },
            "yaxes": [
                {
                    "format": "short",
                    "logBase": 1,
                    "min": "0",
                    "show": true
                },
                {
                    "format": "short",
                    "logBase": 1,
                    "show": true
                }
            ],
            "yaxis": {
                "align": false
            }
        },
        {
            "aliasColors": {},
            "bars": false,
            "dashLength": 10,
            "dashes": false,
            "datasource": null,
            "description": "Number of times central enqueued config push(to the connected edges) request to the debouncer in last 5 min. Along with count of the request, reason for the config push request are also shown. \n\nNote: This metric does not indicate the count of actual config push by central. Because of debouncing, actual config push will generally be lesser than this metric. In other words, this metric shows input events for config push. Output (config push on grpc channels to edges) will be lesser because of debouncer\n\nReasons could be:\n1. ADD/DELETE/UPDATE :  These are the events received by the central from the k8s apiserver. Example:\nADD/IngressGateway means count of config push requests enqueued because of new IngressGateway CRs creation at k8s apiserver.\n2. EDGE_RESYNC: This shows the count of config push requests when periodic config resync request from edge triggers config push. This will be non-zero only in rare cases when, for whatever reason, edge reported a stale set of configs and central triggers config push to refresh the configs\n3. EDGE_FIRST_CONNECTION: When any edge connects to central, central syncs config to the edge. In steady state, its count must be 0. If its count is non-zero,  that indicates grpc stream between central and edge is in error and getting reconnected. \n4. CENTRAL_RESYNC: central enqueues a config push request every 5 minute to reconcile configs at edges.  Note that this will result into actual config push only to those edges which are not actively sending their config version periodically. Since 1.4, edges request config resync and therefore central will actually push configs over grpc as a result of these request only if edge is < 1.4. ",
            "fieldConfig": {
                "defaults": {},
                "overrides": []
            },
            "fill": 2,
            "fillGradient": 0,
            "gridPos": {
                "h": 7,
                "w": 12,
                "x": 0,
                "y": 36
            },
            "hiddenSeries": false,
            "id": 4,
            "legend": {
                "alignAsTable": true,
                "avg": true,
                "current": true,
                "max": true,
                "min": true,
                "rightSide": true,
                "show": true,
                "total": true,
                "values": true
            },
            "lines": true,
            "linewidth": 1,
            "nullPointMode": "null",
            "options": {
                "alertThreshold": false
            },
            "percentage": false,
            "pluginVersion": "7.5.13",
            "pointradius": 2,
            "points": false,
            "renderer": "flot",
            "seriesOverrides": [],
            "spaceLength": 10,
            "stack": false,
            "steppedLine": true,
            "targets": [
                {
                    "exemplar": false,
                    "expr": "increase(xcp_central_config_update_push_count{}[5m])",
                    "interval": "",
                    "legendFormat": "{{event}}  / {{kind}}",
                    "refId": "A"
                }
            ],
            "thresholds": [],
            "timeFrom": null,
            "timeRegions": [],
            "timeShift": null,
            "title": "config push(to the edges) requests enqueued to debouncer in last 5 min",
            "tooltip": {
                "shared": true,
                "sort": 0,
                "value_type": "individual"
            },
            "type": "graph",
            "xaxis": {
                "buckets": null,
                "mode": "time",
                "name": null,
                "show": true,
                "values": []
            },
            "yaxes": [
                {
                    "format": "short",
                    "logBase": 1,
                    "min": "0",
                    "show": true
                },
                {
                    "format": "short",
                    "logBase": 1,
                    "show": true
                }
            ],
            "yaxis": {
                "align": false
            }
        },
        {
            "aliasColors": {},
            "bars": false,
            "dashLength": 10,
            "dashes": false,
            "datasource": null,
            "description": "Pending configurations are configs for which cluster could not be determined yet because the parent resource is missing.\nThese metrics show which configurations are currently in Pending state, and the missing Parent group configuration due to which this is in Pending state.\n\n\nFor more information on the Pending configurations can be found by using the XCP central debug endpoint - `/debug/cluster_scoped_configs/?pending=true`",
            "fieldConfig": {
                "defaults": {},
                "overrides": []
            },
            "fill": 1,
            "fillGradient": 0,
            "gridPos": {
                "h": 7,
                "w": 12,
                "x": 12,
                "y": 36
            },
            "hiddenSeries": false,
            "id": 27,
            "legend": {
                "alignAsTable": true,
                "avg": false,
                "current": true,
                "max": false,
                "min": false,
                "rightSide": true,
                "show": true,
                "total": false,
                "values": true
            },
            "lines": true,
            "linewidth": 2,
            "nullPointMode": "null as zero",
            "options": {
                "alertThreshold": true
            },
            "percentage": false,
            "pluginVersion": "7.5.13",
            "pointradius": 2,
            "points": false,
            "renderer": "flot",
            "seriesOverrides": [],
            "spaceLength": 10,
            "stack": false,
            "steppedLine": true,
            "targets": [
                {
                    "datasource": null,
                    "exemplar": true,
                    "expr": "sum(xcp_central_pending_configs{})",
                    "hide": false,
                    "instant": false,
                    "interval": "",
                    "legendFormat": "Total",
                    "refId": "B"
                },
                {
                    "datasource": null,
                    "editorMode": "code",
                    "exemplar": true,
                    "expr": "(xcp_central_pending_configs{})",
                    "format": "time_series",
                    "instant": false,
                    "interval": "",
                    "legendFormat": "{{kind}} pending on {{reason}}",
                    "refId": "A"
                }
            ],
            "thresholds": [],
            "timeFrom": null,
            "timeRegions": [],
            "timeShift": null,
            "title": "Pending configurations (orphan configs)",
            "tooltip": {
                "shared": true,
                "sort": 0,
                "value_type": "individual"
            },
            "type": "graph",
            "xaxis": {
                "buckets": null,
                "mode": "time",
                "name": null,
                "show": true,
                "values": []
            },
            "yaxes": [
                {
                    "decimals": 0,
                    "format": "short",
                    "label": "",
                    "logBase": 1,
                    "min": "0",
                    "show": true
                },
                {
                    "format": "short",
                    "logBase": 1,
                    "show": true
                }
            ],
            "yaxis": {
                "align": false
            }
        },
        {
            "aliasColors": {},
            "bars": false,
            "dashLength": 10,
            "dashes": false,
            "datasource": null,
            "description": "Central has two type of grpc connections:\n1. edge_config_distribution: One grpc connection with each edge for pushing user configs like workspace, trafficgroup etc\n2. cluster_state: One grpc connection with each edge for pushing learned cluster state(service discovery) from all other peer edges. In addition, one more grpc connection with the mpc for pushing all the learned cluster states to the tsb server.\n\ncount of edge_config_distribution will be equal to the number of edges connected to the central\ncount of cluster_state connections will be one more that count of edge_config_distribution connections because of additional mpc connection.\n\nIMPORTANT NOTE: If the cluster is not onboarded(TSB cluster object missing), but the edge is up and connected to central, in that scenario connection counts will include such edges",
            "fieldConfig": {
                "defaults": {},
                "overrides": []
            },
            "fill": 1,
            "fillGradient": 0,
            "gridPos": {
                "h": 8,
                "w": 24,
                "x": 0,
                "y": 43
            },
            "hiddenSeries": false,
            "id": 7,
            "legend": {
                "alignAsTable": false,
                "avg": false,
                "current": true,
                "max": false,
                "min": false,
                "rightSide": false,
                "show": true,
                "total": false,
                "values": true
            },
            "lines": true,
            "linewidth": 1,
            "nullPointMode": "null",
            "options": {
                "alertThreshold": true
            },
            "percentage": false,
            "pluginVersion": "7.5.13",
            "pointradius": 2,
            "points": false,
            "renderer": "flot",
            "seriesOverrides": [],
            "spaceLength": 10,
            "stack": false,
            "steppedLine": false,
            "targets": [
                {
                    "exemplar": false,
                    "expr": "xcp_central_current_edge_connections{connection_type=\"edge_config_distribution\"} OR on() vector(0)",
                    "interval": "",
                    "legendFormat": "{{connection_type}}",
                    "refId": "A"
                },
                {
                    "expr": "xcp_central_current_edge_connections{connection_type=\"cluster_state\"} OR on() vector(0)",
                    "interval": "",
                    "legendFormat": "{{connection_type}}",
                    "refId": "B"
                }
            ],
            "thresholds": [],
            "timeFrom": null,
            "timeRegions": [],
            "timeShift": null,
            "title": "Number of connections(cluster state pushing and config pushing)",
            "tooltip": {
                "shared": true,
                "sort": 0,
                "value_type": "individual"
            },
            "type": "graph",
            "xaxis": {
                "buckets": null,
                "mode": "time",
                "name": null,
                "show": false,
                "values": []
            },
            "yaxes": [
                {
                    "format": "short",
                    "logBase": 1,
                    "min": "0",
                    "show": true
                },
                {
                    "format": "short",
                    "logBase": 1,
                    "show": true
                }
            ],
            "yaxis": {
                "align": false
            }
        },
        {
            "aliasColors": {},
            "bars": false,
            "dashLength": 10,
            "dashes": false,
            "datasource": null,
            "description": "count of requests that validation webhook passed in last 5 minutes by GVK",
            "fieldConfig": {
                "defaults": {
                    "unit": "none"
                },
                "overrides": []
            },
            "fill": 1,
            "fillGradient": 0,
            "gridPos": {
                "h": 7,
                "w": 12,
                "x": 0,
                "y": 51
            },
            "hiddenSeries": false,
            "id": 15,
            "legend": {
                "alignAsTable": true,
                "avg": true,
                "current": true,
                "max": false,
                "min": false,
                "rightSide": true,
                "show": true,
                "total": true,
                "values": true
            },
            "lines": true,
            "linewidth": 1,
            "nullPointMode": "null",
            "options": {
                "alertThreshold": true
            },
            "percentage": false,
            "pluginVersion": "7.5.13",
            "pointradius": 2,
            "points": false,
            "renderer": "flot",
            "seriesOverrides": [],
            "spaceLength": 10,
            "stack": false,
            "steppedLine": false,
            "targets": [
                {
                    "exemplar": false,
                    "expr": "increase(xcp_central_validation_webhook_passed_count{}[5m]) OR on() vector(0)",
                    "interval": "",
                    "legendFormat": "{{group}} / {{resource}}",
                    "refId": "A"
                }
            ],
            "thresholds": [],
            "timeFrom": null,
            "timeRegions": [],
            "timeShift": null,
            "title": "validation webhook passed count in last 5 min",
            "tooltip": {
                "shared": true,
                "sort": 0,
                "value_type": "individual"
            },
            "type": "graph",
            "xaxis": {
                "buckets": null,
                "mode": "time",
                "name": null,
                "show": true,
                "values": []
            },
            "yaxes": [
                {
                    "format": "none",
                    "logBase": 1,
                    "show": true
                },
                {
                    "format": "short",
                    "logBase": 1,
                    "show": true
                }
            ],
            "yaxis": {
                "align": false
            }
        },
        {
            "aliasColors": {},
            "bars": false,
            "dashLength": 10,
            "dashes": false,
            "datasource": null,
            "description": "Rate of webhook validation errors by GVK",
            "fieldConfig": {
                "defaults": {
                    "unit": "none"
                },
                "overrides": []
            },
            "fill": 1,
            "fillGradient": 0,
            "gridPos": {
                "h": 7,
                "w": 12,
                "x": 12,
                "y": 51
            },
            "hiddenSeries": false,
            "id": 16,
            "legend": {
                "alignAsTable": true,
                "avg": true,
                "current": true,
                "max": true,
                "min": false,
                "rightSide": true,
                "show": true,
                "total": true,
                "values": true
            },
            "lines": true,
            "linewidth": 1,
            "nullPointMode": "null",
            "options": {
                "alertThreshold": true
            },
            "percentage": false,
            "pluginVersion": "7.5.13",
            "pointradius": 2,
            "points": false,
            "renderer": "flot",
            "seriesOverrides": [],
            "spaceLength": 10,
            "stack": false,
            "steppedLine": false,
            "targets": [
                {
                    "exemplar": false,
                    "expr": "increase(xcp_central_validation_webhook_failed_count{}[5m]) OR on() vector(0)",
                    "interval": "",
                    "legendFormat": "{{group}} / {{resource}}",
                    "refId": "A"
                },
                {
                    "exemplar": false,
                    "expr": "increase(xcp_central_validation_webhook_http_error_count{}[5m]) OR on() vector(0)",
                    "interval": "",
                    "legendFormat": "errors due to k8s failures",
                    "refId": "B"
                }
            ],
            "thresholds": [],
            "timeFrom": null,
            "timeRegions": [],
            "timeShift": null,
            "title": "Rate of webhook validation errors",
            "tooltip": {
                "shared": true,
                "sort": 0,
                "value_type": "individual"
            },
            "type": "graph",
            "xaxis": {
                "buckets": null,
                "mode": "time",
                "name": null,
                "show": true,
                "values": []
            },
            "yaxes": [
                {
                    "format": "none",
                    "logBase": 1,
                    "min": "0",
                    "show": true
                },
                {
                    "format": "short",
                    "logBase": 1,
                    "show": true
                }
            ],
            "yaxis": {
                "align": false
            }
        },
        {
            "collapsed": false,
            "datasource": null,
            "gridPos": {
                "h": 1,
                "w": 24,
                "x": 0,
                "y": 58
            },
            "id": 34,
            "panels": [],
            "title": "Internals",
            "type": "row"
        },
        {
            "datasource": null,
            "description": "",
            "fieldConfig": {
                "defaults": {
                    "color": {
                        "mode": "thresholds"
                    },
                    "mappings": [],
                    "thresholds": {
                        "mode": "absolute",
                        "steps": [
                            {
                                "color": "green",
                                "value": null
                            }
                        ]
                    },
                    "unit": "short"
                },
                "overrides": []
            },
            "gridPos": {
                "h": 5,
                "w": 5,
                "x": 0,
                "y": 59
            },
            "id": 35,
            "options": {
                "orientation": "auto",
                "reduceOptions": {
                    "calcs": ["lastNotNull"],
                    "fields": "",
                    "values": false
                },
                "showThresholdLabels": false,
                "showThresholdMarkers": true,
                "text": {}
            },
            "pluginVersion": "7.5.13",
            "targets": [
                {
                    "exemplar": true,
                    "expr": "go_goroutines{component=\"xcp\",plane=\"management\"}",
                    "hide": false,
                    "instant": true,
                    "interval": "",
                    "legendFormat": "All goroutines",
                    "refId": "A"
                }
            ],
            "title": "All goroutines",
            "type": "gauge"
        },
        {
            "aliasColors": {},
            "bars": false,
            "dashLength": 10,
            "dashes": false,
            "datasource": null,
            "description": "This shows the number of active goroutines in XCP Central that are responsible for config pushes to edges.",
            "fieldConfig": {
                "defaults": {
                    "unit": "short"
                },
                "overrides": []
            },
            "fill": 1,
            "fillGradient": 0,
            "gridPos": {
                "h": 5,
                "w": 19,
                "x": 5,
                "y": 59
            },
            "hiddenSeries": false,
            "id": 33,
            "legend": {
                "alignAsTable": true,
                "avg": false,
                "current": false,
                "max": false,
                "min": false,
                "rightSide": true,
                "show": true,
                "total": false,
                "values": false
            },
            "lines": true,
            "linewidth": 1,
            "nullPointMode": "null",
            "options": {
                "alertThreshold": true
            },
            "percentage": false,
            "pluginVersion": "7.5.13",
            "pointradius": 2,
            "points": false,
            "renderer": "flot",
            "seriesOverrides": [],
            "spaceLength": 10,
            "stack": false,
            "steppedLine": false,
            "targets": [
                {
                    "exemplar": true,
                    "expr": "increase(go_goroutines{component=\"xcp\",plane=\"management\"}[1m])",
                    "hide": true,
                    "interval": "",
                    "legendFormat": "All goroutines",
                    "refId": "A"
                },
                {
                    "exemplar": true,
                    "expr": "increase(xcp_central_go_routine_count{}[1m])",
                    "hide": false,
                    "instant": false,
                    "interval": "",
                    "legendFormat": "{{go_routine}}",
                    "refId": "B"
                }
            ],
            "thresholds": [],
            "timeFrom": null,
            "timeRegions": [],
            "timeShift": null,
            "title": "Central specific goroutines",
            "tooltip": {
                "shared": true,
                "sort": 0,
                "value_type": "individual"
            },
            "type": "graph",
            "xaxis": {
                "buckets": null,
                "mode": "time",
                "name": null,
                "show": true,
                "values": []
            },
            "yaxes": [
                {
                    "decimals": 0,
                    "format": "short",
                    "logBase": 1,
                    "min": "0",
                    "show": true
                },
                {
                    "format": "short",
                    "logBase": 1,
                    "show": true
                }
            ],
            "yaxis": {
                "align": false
            }
        },
        {
            "aliasColors": {},
            "bars": false,
            "dashLength": 10,
            "dashes": false,
            "datasource": null,
            "description": "",
            "fieldConfig": {
                "defaults": {
                    "unit": "bytes"
                },
                "overrides": []
            },
            "fill": 1,
            "fillGradient": 0,
            "gridPos": {
                "h": 9,
                "w": 12,
                "x": 0,
                "y": 64
            },
            "hiddenSeries": false,
            "id": 31,
            "legend": {
                "alignAsTable": true,
                "avg": true,
                "current": true,
                "max": true,
                "min": false,
                "rightSide": false,
                "show": true,
                "total": false,
                "values": true
            },
            "lines": true,
            "linewidth": 1,
            "nullPointMode": "null",
            "options": {
                "alertThreshold": true
            },
            "percentage": false,
            "pluginVersion": "7.5.13",
            "pointradius": 2,
            "points": false,
            "renderer": "flot",
            "seriesOverrides": [],
            "spaceLength": 10,
            "stack": false,
            "steppedLine": false,
            "targets": [
                {
                    "exemplar": true,
                    "expr": "go_memstats_heap_inuse_bytes{component=\"xcp\",plane=\"management\"}",
                    "hide": false,
                    "interval": "",
                    "legendFormat": "Heap InUse",
                    "refId": "C"
                },
                {
                    "exemplar": true,
                    "expr": "go_memstats_stack_inuse_bytes{component=\"xcp\",plane=\"management\"}",
                    "hide": false,
                    "interval": "",
                    "legendFormat": "Stack InUse",
                    "refId": "B"
                }
            ],
            "thresholds": [],
            "timeFrom": null,
            "timeRegions": [],
            "timeShift": null,
            "title": "Central memory consumption",
            "tooltip": {
                "shared": true,
                "sort": 0,
                "value_type": "individual"
            },
            "type": "graph",
            "xaxis": {
                "buckets": null,
                "mode": "time",
                "name": null,
                "show": true,
                "values": []
            },
            "yaxes": [
                {
                    "format": "bytes",
                    "logBase": 1,
                    "min": "0",
                    "show": true
                },
                {
                    "format": "short",
                    "logBase": 1,
                    "show": true
                }
            ],
            "yaxis": {
                "align": false
            }
        },
        {
            "aliasColors": {},
            "bars": false,
            "dashLength": 10,
            "dashes": false,
            "datasource": null,
            "description": "This shows the current memory usage for all Edges",
            "fieldConfig": {
                "defaults": {
                    "unit": "bytes"
                },
                "overrides": []
            },
            "fill": 1,
            "fillGradient": 0,
            "gridPos": {
                "h": 9,
                "w": 12,
                "x": 12,
                "y": 64
            },
            "hiddenSeries": false,
            "id": 30,
            "legend": {
                "alignAsTable": true,
                "avg": false,
                "current": true,
                "max": false,
                "min": false,
                "rightSide": true,
                "show": true,
                "total": false,
                "values": true
            },
            "lines": true,
            "linewidth": 1,
            "nullPointMode": "null",
            "options": {
                "alertThreshold": true
            },
            "percentage": false,
            "pluginVersion": "7.5.13",
            "pointradius": 2,
            "points": false,
            "renderer": "flot",
            "seriesOverrides": [],
            "spaceLength": 10,
            "stack": false,
            "steppedLine": false,
            "targets": [
                {
                    "exemplar": false,
                    "expr": "go_memstats_heap_inuse_bytes{component=\"xcp\",plane=\"control\"}",
                    "interval": "",
                    "legendFormat": "{{cluster_name}}",
                    "refId": "A"
                }
            ],
            "thresholds": [],
            "timeFrom": null,
            "timeRegions": [],
            "timeShift": null,
            "title": "Edges' memory consumption",
            "tooltip": {
                "shared": true,
                "sort": 0,
                "value_type": "individual"
            },
            "type": "graph",
            "xaxis": {
                "buckets": null,
                "mode": "time",
                "name": null,
                "show": true,
                "values": []
            },
            "yaxes": [
                {
                    "format": "bytes",
                    "logBase": 1,
                    "min": "0",
                    "show": true
                },
                {
                    "format": "short",
                    "logBase": 1,
                    "show": true
                }
            ],
            "yaxis": {
                "align": false
            }
        },
        {
            "aliasColors": {},
            "bars": false,
            "dashLength": 10,
            "dashes": false,
            "datasource": null,
            "description": "",
            "fieldConfig": {
                "defaults": {},
                "overrides": []
            },
            "fill": 1,
            "fillGradient": 0,
            "gridPos": {
                "h": 8,
                "w": 9,
                "x": 0,
                "y": 73
            },
            "hiddenSeries": false,
            "id": 39,
            "legend": {
                "alignAsTable": true,
                "avg": true,
                "current": true,
                "max": true,
                "min": false,
                "show": true,
                "total": false,
                "values": true
            },
            "lines": true,
            "linewidth": 1,
            "nullPointMode": "null",
            "options": {
                "alertThreshold": true
            },
            "percentage": false,
            "pluginVersion": "7.5.13",
            "pointradius": 2,
            "points": false,
            "renderer": "flot",
            "seriesOverrides": [],
            "spaceLength": 10,
            "stack": false,
            "steppedLine": false,
            "targets": [
                {
                    "datasource": null,
                    "editorMode": "code",
                    "expr": "rate(process_cpu_seconds_total{job=\"central-xcp\"}[1m])",
                    "legendFormat": "{{job}}",
                    "range": true,
                    "refId": "A"
                }
            ],
            "thresholds": [],
            "timeFrom": null,
            "timeRegions": [],
            "timeShift": null,
            "title": "Central CPU consumption",
            "tooltip": {
                "shared": true,
                "sort": 0,
                "value_type": "individual"
            },
            "type": "graph",
            "xaxis": {
                "buckets": null,
                "mode": "time",
                "name": null,
                "show": true,
                "values": []
            },
            "yaxes": [
                {
                    "format": "short",
                    "logBase": 1,
                    "show": true
                },
                {
                    "format": "short",
                    "logBase": 1,
                    "show": true
                }
            ],
            "yaxis": {
                "align": false
            }
        },
        {
            "aliasColors": {},
            "bars": false,
            "dashLength": 10,
            "dashes": false,
            "datasource": null,
            "fieldConfig": {
                "defaults": {},
                "overrides": []
            },
            "fill": 1,
            "fillGradient": 0,
            "gridPos": {
                "h": 8,
                "w": 15,
                "x": 9,
                "y": 73
            },
            "hiddenSeries": false,
            "id": 41,
            "legend": {
                "alignAsTable": true,
                "avg": false,
                "current": true,
                "max": false,
                "min": false,
                "rightSide": true,
                "show": true,
                "total": false,
                "values": true
            },
            "lines": true,
            "linewidth": 1,
            "nullPointMode": "null",
            "options": {
                "alertThreshold": true
            },
            "percentage": false,
            "pluginVersion": "7.5.13",
            "pointradius": 2,
            "points": false,
            "renderer": "flot",
            "seriesOverrides": [],
            "spaceLength": 10,
            "stack": false,
            "steppedLine": false,
            "targets": [
                {
                    "datasource": null,
                    "editorMode": "code",
                    "expr": "rate(process_cpu_seconds_total{job=\"edge-xcp\"}[1m])",
                    "legendFormat": "{{cluster_name}}",
                    "range": true,
                    "refId": "A"
                }
            ],
            "thresholds": [],
            "timeFrom": null,
            "timeRegions": [],
            "timeShift": null,
            "title": "All edges' CPU consumption",
            "tooltip": {
                "shared": true,
                "sort": 0,
                "value_type": "individual"
            },
            "type": "graph",
            "xaxis": {
                "buckets": null,
                "mode": "time",
                "name": null,
                "show": true,
                "values": []
            },
            "yaxes": [
                {
                    "format": "short",
                    "logBase": 1,
                    "show": true
                },
                {
                    "format": "short",
                    "logBase": 1,
                    "show": true
                }
            ],
            "yaxis": {
                "align": false
            }
        }
    ],
    "refresh": "1m",
    "schemaVersion": 27,
    "style": "dark",
    "tags": ["tsb", "xcp", "central"],
    "templating": {},
    "time": {
        "from": "now-15m",
        "to": "now"
    },
    "timepicker": {},
    "timezone": "utc",
    "title": "XCP Central Operational Status",
    "uid": "D3G9brS4z",
    "version": 4
}
