{
    "annotations": {
        "list": [
            {
                "builtIn": 1,
                "datasource": "-- Grafana --",
                "enable": true,
                "hide": true,
                "iconColor": "rgba(0, 211, 255, 1)",
                "name": "Annotations & Alerts",
                "target": {
                    "limit": 100,
                    "matchAny": false,
                    "tags": [],
                    "type": "dashboard"
                },
                "type": "dashboard"
            }
        ]
    },
    "editable": true,
    "gnetId": null,
    "graphTooltip": 0,
    "id": 7,
    "iteration": 1666242975483,
    "links": [
        {
            "asDropdown": false,
            "icon": "external link",
            "includeVars": false,
            "keepTime": false,
            "tags": ["xcp", "edge"],
            "targetBlank": false,
            "title": "",
            "tooltip": "",
            "type": "dashboards",
            "url": ""
        }
    ],
    "panels": [
        {
            "datasource": null,
            "fieldConfig": {
                "defaults": {
                    "color": {
                        "fixedColor": "semi-dark-green",
                        "mode": "fixed"
                    },
                    "mappings": [],
                    "thresholds": {
                        "mode": "absolute",
                        "steps": [
                            {
                                "color": "dark-orange",
                                "value": null
                            }
                        ]
                    },
                    "unit": "dtdhms"
                },
                "overrides": []
            },
            "gridPos": {
                "h": 1,
                "w": 6,
                "x": 9,
                "y": 0
            },
            "id": 39,
            "options": {
                "colorMode": "value",
                "graphMode": "none",
                "justifyMode": "auto",
                "orientation": "auto",
                "reduceOptions": {
                    "calcs": ["lastNotNull"],
                    "fields": "",
                    "values": false
                },
                "text": {
                    "titleSize": 14,
                    "valueSize": 16
                },
                "textMode": "value_and_name"
            },
            "pluginVersion": "7.5.13",
            "targets": [
                {
                    "exemplar": true,
                    "expr": "time() - process_start_time_seconds{cluster_name=\"$cluster\",component=\"xcp\"}",
                    "format": "table",
                    "instant": true,
                    "interval": "",
                    "legendFormat": "",
                    "refId": "A"
                }
            ],
            "transformations": [
                {
                    "id": "organize",
                    "options": {
                        "excludeByName": {
                            "Time": false
                        },
                        "indexByName": {},
                        "renameByName": {
                            "Time": "",
                            "Value": "Uptime",
                            "Value #A": "XCP Edge uptime"
                        }
                    }
                }
            ],
            "type": "stat"
        },
        {
            "datasource": null,
            "fieldConfig": {
                "defaults": {
                    "color": {
                        "mode": "fixed"
                    },
                    "custom": {
                        "align": "left",
                        "displayMode": "auto",
                        "filterable": false
                    },
                    "mappings": [],
                    "thresholds": {
                        "mode": "absolute",
                        "steps": [
                            {
                                "color": "green",
                                "value": null
                            }
                        ]
                    },
                    "unit": "short"
                },
                "overrides": []
            },
            "gridPos": {
                "h": 3,
                "w": 24,
                "x": 0,
                "y": 1
            },
            "id": 20,
            "options": {
                "footer": {
                    "fields": "",
                    "reducer": ["sum"],
                    "show": false
                },
                "frameIndex": 0,
                "showHeader": false
            },
            "pluginVersion": "7.5.13",
            "repeatDirection": "v",
            "targets": [
                {
                    "datasource": null,
                    "exemplar": true,
                    "expr": "label_replace(xcp_edge_version{cluster_name=\"$cluster\"}, \"xcp_version\", \"$1\", \"version\", \"(.*)\")",
                    "format": "table",
                    "instant": true,
                    "interval": "",
                    "legendFormat": "",
                    "refId": "A"
                },
                {
                    "datasource": null,
                    "exemplar": false,
                    "expr": "label_replace(xcp_edge_istio_versions{cluster_name=\"$cluster\"}, \"istio_versions\", \"$1\", \"version\", \"(.*)\")",
                    "format": "table",
                    "instant": true,
                    "interval": "",
                    "legendFormat": "",
                    "refId": "B"
                }
            ],
            "title": "XCP Edge Version",
            "transformations": [
                {
                    "id": "filterFieldsByName",
                    "options": {
                        "include": {
                            "names": ["__name__", "version"]
                        }
                    }
                },
                {
                    "id": "merge",
                    "options": {}
                }
            ],
            "type": "table"
        },
        {
            "collapsed": false,
            "datasource": null,
            "gridPos": {
                "h": 1,
                "w": 24,
                "x": 0,
                "y": 4
            },
            "id": 33,
            "panels": [],
            "title": "XCP Edge",
            "type": "row"
        },
        {
            "datasource": null,
            "fieldConfig": {
                "defaults": {
                    "color": {
                        "mode": "thresholds"
                    },
                    "mappings": [],
                    "thresholds": {
                        "mode": "absolute",
                        "steps": [
                            {
                                "color": "green",
                                "value": null
                            },
                            {
                                "color": "red",
                                "value": 80
                            }
                        ]
                    }
                },
                "overrides": []
            },
            "gridPos": {
                "h": 7,
                "w": 6,
                "x": 1,
                "y": 5
            },
            "id": 4,
            "options": {
                "colorMode": "value",
                "graphMode": "area",
                "justifyMode": "auto",
                "orientation": "auto",
                "reduceOptions": {
                    "calcs": ["lastNotNull"],
                    "fields": "",
                    "values": false
                },
                "text": {},
                "textMode": "auto"
            },
            "pluginVersion": "7.5.13",
            "targets": [
                {
                    "exemplar": true,
                    "expr": "xcp_edge_gateway_hosts_count{cluster_name=\"$cluster\"}",
                    "format": "time_series",
                    "instant": true,
                    "interval": "",
                    "legendFormat": "count",
                    "refId": "A"
                }
            ],
            "title": "Number of gatewayHost exposed",
            "type": "stat"
        },
        {
            "datasource": null,
            "description": "Current peer connections this edge holds against remote edges.",
            "fieldConfig": {
                "defaults": {
                    "color": {
                        "mode": "thresholds"
                    },
                    "mappings": [],
                    "thresholds": {
                        "mode": "absolute",
                        "steps": [
                            {
                                "color": "green",
                                "value": null
                            },
                            {
                                "color": "red",
                                "value": 80
                            }
                        ]
                    }
                },
                "overrides": []
            },
            "gridPos": {
                "h": 7,
                "w": 16,
                "x": 7,
                "y": 5
            },
            "id": 2,
            "options": {
                "colorMode": "value",
                "graphMode": "area",
                "justifyMode": "auto",
                "orientation": "auto",
                "reduceOptions": {
                    "calcs": ["lastNotNull"],
                    "fields": "",
                    "values": false
                },
                "text": {},
                "textMode": "auto"
            },
            "pluginVersion": "7.5.13",
            "targets": [
                {
                    "exemplar": true,
                    "expr": "xcp_edge_stream_connect_count{statusLabel=\"ok\", cluster_name=\"$cluster\"} - ignoring(statusLabel) xcp_edge_stream_connect_count{statusLabel=\"close\", cluster_name=\"$cluster\"} OR on() xcp_edge_stream_connect_count{statusLabel=\"ok\", cluster_name=\"$cluster\"} ",
                    "instant": true,
                    "interval": "",
                    "legendFormat": "{{peer}}",
                    "queryType": "randomWalk",
                    "refId": "A"
                }
            ],
            "title": "Active connections to central",
            "type": "stat"
        },
        {
            "datasource": null,
            "description": "Time since any of the following messages is sent by edge to central:\n1. Periodic(per minute) config resync request\n2. Ack of last config received \n3. Cluster state\nBecause regular periodic resync requests would be going out periodically, a high value than the resync period, 60 sec default,  is not normal.",
            "fieldConfig": {
                "defaults": {
                    "color": {
                        "mode": "thresholds"
                    },
                    "mappings": [],
                    "thresholds": {
                        "mode": "absolute",
                        "steps": [
                            {
                                "color": "green",
                                "value": null
                            }
                        ]
                    }
                },
                "overrides": []
            },
            "gridPos": {
                "h": 8,
                "w": 12,
                "x": 0,
                "y": 12
            },
            "id": 48,
            "options": {
                "displayMode": "gradient",
                "orientation": "horizontal",
                "reduceOptions": {
                    "calcs": ["lastNotNull"],
                    "fields": "",
                    "values": false
                },
                "showUnfilled": true,
                "text": {}
            },
            "pluginVersion": "7.5.13",
            "targets": [
                {
                    "exemplar": true,
                    "expr": "time() - xcp_edge_last_push_to_central_timestamp_ms{cluster_name=\"$cluster\"} / 1000",
                    "interval": "",
                    "legendFormat": "{{trigger_reason}}",
                    "refId": "A"
                }
            ],
            "title": "Time since any message sent to central on config stream (seconds)",
            "type": "bargauge"
        },
        {
            "datasource": null,
            "description": "The number of updates successfully sent from an edge to central. Updates can either be of the form `cluster state` OR `headers` depending upon whether cluster state or just the header is being pushed. \n\nThese updates can be sent for one or more of the following reasons: registration_with_central, service_subset_update (subsets of one or more services changed), config(config change), node_update, service(service change).\n\nThe graph represents number of times edge updates were sent to central, with the corresponding reason for the update. The last row shows how many times the `gwHostNamespacesChanged` flag was true while sending the above updates.",
            "fieldConfig": {
                "defaults": {
                    "color": {
                        "mode": "thresholds"
                    },
                    "mappings": [],
                    "thresholds": {
                        "mode": "absolute",
                        "steps": [
                            {
                                "color": "green",
                                "value": null
                            }
                        ]
                    }
                },
                "overrides": []
            },
            "gridPos": {
                "h": 8,
                "w": 12,
                "x": 12,
                "y": 12
            },
            "id": 44,
            "options": {
                "displayMode": "gradient",
                "minVizHeight": 10,
                "minVizWidth": 0,
                "orientation": "horizontal",
                "reduceOptions": {
                    "calcs": ["lastNotNull"],
                    "fields": "",
                    "values": false
                },
                "showUnfilled": true,
                "text": {}
            },
            "pluginVersion": "7.5.13",
            "targets": [
                {
                    "datasource": null,
                    "editorMode": "code",
                    "exemplar": false,
                    "expr": "sum by (trigger_reason) (xcp_edge_updates_sent_to_central_count{cluster_name=\"$cluster\",trigger_reason!=\"periodic_config_resync\",trigger_reason!=\"\"})",
                    "hide": false,
                    "instant": false,
                    "interval": "",
                    "legendFormat": "{{trigger_reason}}",
                    "range": true,
                    "refId": "A"
                },
                {
                    "datasource": null,
                    "exemplar": true,
                    "expr": "sum(xcp_edge_updates_sent_to_central_count{cluster_name=\"$cluster\",gtw_host_namespace_changed=\"true\"})",
                    "hide": false,
                    "interval": "",
                    "legendFormat": "gw_host_namespace_changed",
                    "refId": "B"
                }
            ],
            "title": "Number of times edge updates were sent to Central",
            "type": "bargauge"
        },
        {
            "aliasColors": {},
            "bars": false,
            "dashLength": 10,
            "dashes": false,
            "datasource": null,
            "description": "Number of times cluster states are received by edge from central in the last 1 min.  ",
            "fieldConfig": {
                "defaults": {
                    "unit": "short"
                },
                "overrides": []
            },
            "fill": 1,
            "fillGradient": 0,
            "gridPos": {
                "h": 8,
                "w": 24,
                "x": 0,
                "y": 20
            },
            "hiddenSeries": false,
            "id": 31,
            "legend": {
                "alignAsTable": true,
                "avg": true,
                "current": true,
                "max": false,
                "min": false,
                "rightSide": false,
                "show": true,
                "total": true,
                "values": true
            },
            "lines": true,
            "linewidth": 1,
            "nullPointMode": "null",
            "options": {
                "alertThreshold": false
            },
            "percentage": false,
            "pluginVersion": "7.5.13",
            "pointradius": 2,
            "points": false,
            "renderer": "flot",
            "seriesOverrides": [],
            "spaceLength": 10,
            "stack": false,
            "steppedLine": true,
            "targets": [
                {
                    "datasource": null,
                    "editorMode": "code",
                    "exemplar": true,
                    "expr": "increase(xcp_edge_cluster_state_received_from_central_count{cluster_name=\"$cluster\"}[1m])",
                    "hide": true,
                    "interval": "",
                    "legendFormat": "cluster state received for {{peer}}",
                    "range": true,
                    "refId": "A"
                }
            ],
            "thresholds": [],
            "timeFrom": null,
            "timeRegions": [],
            "timeShift": null,
            "title": "Number of times cluster states received by edge from central in last 1 min",
            "tooltip": {
                "shared": true,
                "sort": 0,
                "value_type": "individual"
            },
            "type": "graph",
            "xaxis": {
                "buckets": null,
                "mode": "time",
                "name": null,
                "show": true,
                "values": []
            },
            "yaxes": [
                {
                    "decimals": 0,
                    "format": "short",
                    "logBase": 1,
                    "show": true
                },
                {
                    "format": "short",
                    "logBase": 1,
                    "show": true
                }
            ],
            "yaxis": {
                "align": false
            }
        },
        {
            "aliasColors": {},
            "bars": false,
            "dashLength": 10,
            "dashes": false,
            "datasource": null,
            "description": "Number of times cluster states are received by edge from central",
            "fieldConfig": {
                "defaults": {
                    "unit": "short"
                },
                "overrides": []
            },
            "fill": 1,
            "fillGradient": 0,
            "gridPos": {
                "h": 8,
                "w": 24,
                "x": 0,
                "y": 28
            },
            "hiddenSeries": false,
            "id": 30,
            "legend": {
                "alignAsTable": true,
                "avg": true,
                "current": true,
                "hideZero": false,
                "max": false,
                "min": false,
                "rightSide": false,
                "show": true,
                "total": true,
                "values": true
            },
            "lines": true,
            "linewidth": 1,
            "nullPointMode": "null",
            "options": {
                "alertThreshold": false
            },
            "percentage": false,
            "pluginVersion": "7.5.13",
            "pointradius": 2,
            "points": false,
            "renderer": "flot",
            "seriesOverrides": [],
            "spaceLength": 10,
            "stack": false,
            "steppedLine": true,
            "targets": [
                {
                    "exemplar": true,
                    "expr": "increase(xcp_edge_config_updates_received_count{cluster_name=\"$cluster\"}[5m])",
                    "interval": "",
                    "legendFormat": "from {{peer}}",
                    "refId": "A"
                }
            ],
            "thresholds": [],
            "timeFrom": null,
            "timeRegions": [],
            "timeShift": null,
            "title": "Number of times config CRs received by edge from central in last 5 min",
            "tooltip": {
                "shared": true,
                "sort": 0,
                "value_type": "individual"
            },
            "type": "graph",
            "xaxis": {
                "buckets": null,
                "mode": "time",
                "name": null,
                "show": true,
                "values": []
            },
            "yaxes": [
                {
                    "decimals": 1,
                    "format": "short",
                    "logBase": 1,
                    "min": "0",
                    "show": true
                },
                {
                    "format": "short",
                    "logBase": 1,
                    "show": true
                }
            ],
            "yaxis": {
                "align": false
            }
        },
        {
            "datasource": null,
            "description": "Number of Istio config translations in Edge per namespace",
            "fieldConfig": {
                "defaults": {
                    "color": {
                        "mode": "thresholds"
                    },
                    "mappings": [],
                    "thresholds": {
                        "mode": "absolute",
                        "steps": [
                            {
                                "color": "green",
                                "value": null
                            },
                            {
                                "color": "red",
                                "value": 80
                            }
                        ]
                    }
                },
                "overrides": []
            },
            "gridPos": {
                "h": 8,
                "w": 12,
                "x": 0,
                "y": 36
            },
            "id": 22,
            "options": {
                "displayMode": "gradient",
                "minVizHeight": 10,
                "minVizWidth": 0,
                "orientation": "horizontal",
                "reduceOptions": {
                    "calcs": ["lastNotNull"],
                    "fields": "",
                    "values": false
                },
                "showUnfilled": true,
                "text": {}
            },
            "pluginVersion": "7.5.13",
            "targets": [
                {
                    "exemplar": false,
                    "expr": "xcp_edge_istio_translations_count{cluster_name=\"$cluster\"}",
                    "interval": "",
                    "legendFormat": "{{namespace}}",
                    "refId": "A"
                }
            ],
            "title": "Translation count",
            "type": "bargauge"
        },
        {
            "aliasColors": {},
            "bars": false,
            "dashLength": 10,
            "dashes": false,
            "datasource": null,
            "description": "Number of times config statuses are sent by edge to central, with respective objects' Kind.\n\nMessages received by central from any edge are of three types:\n1. Periodic(per minute by default) config resync request\n2. cluster state\n3. Header message to ack the config received\n\nThis number is combined count of all three in the last 5 min.  ",
            "fieldConfig": {
                "defaults": {
                    "unit": "short"
                },
                "overrides": []
            },
            "fill": 1,
            "fillGradient": 0,
            "gridPos": {
                "h": 8,
                "w": 12,
                "x": 12,
                "y": 36
            },
            "hiddenSeries": false,
            "id": 28,
            "legend": {
                "alignAsTable": true,
                "avg": true,
                "current": true,
                "max": false,
                "min": false,
                "rightSide": true,
                "show": true,
                "total": true,
                "values": true
            },
            "lines": true,
            "linewidth": 1,
            "nullPointMode": "null",
            "options": {
                "alertThreshold": false
            },
            "percentage": false,
            "pluginVersion": "7.5.13",
            "pointradius": 2,
            "points": false,
            "renderer": "flot",
            "seriesOverrides": [],
            "spaceLength": 10,
            "stack": false,
            "steppedLine": true,
            "targets": [
                {
                    "exemplar": true,
                    "expr": "increase(xcp_edge_config_status_updates_sent_gvk{cluster_name=\"$cluster\"}[5m])",
                    "interval": "",
                    "legendFormat": "{{kind}}",
                    "refId": "A"
                }
            ],
            "thresholds": [],
            "timeFrom": null,
            "timeRegions": [],
            "timeShift": null,
            "title": "Number of times config status sent by edge to central in last 5 min",
            "tooltip": {
                "shared": true,
                "sort": 0,
                "value_type": "individual"
            },
            "type": "graph",
            "xaxis": {
                "buckets": null,
                "mode": "time",
                "name": null,
                "show": true,
                "values": []
            },
            "yaxes": [
                {
                    "format": "short",
                    "logBase": 1,
                    "show": true
                },
                {
                    "format": "short",
                    "logBase": 1,
                    "show": true
                }
            ],
            "yaxis": {
                "align": false
            }
        },
        {
            "aliasColors": {},
            "bars": false,
            "dashLength": 10,
            "dashes": false,
            "datasource": null,
            "description": "Time (in ms) to generate and apply Istio configurations when updates are received",
            "fieldConfig": {
                "defaults": {},
                "overrides": []
            },
            "fill": 1,
            "fillGradient": 0,
            "gridPos": {
                "h": 8,
                "w": 12,
                "x": 0,
                "y": 44
            },
            "hiddenSeries": false,
            "id": 24,
            "legend": {
                "alignAsTable": true,
                "avg": false,
                "current": true,
                "max": false,
                "min": false,
                "rightSide": true,
                "show": true,
                "total": false,
                "values": true
            },
            "lines": true,
            "linewidth": 1,
            "nullPointMode": "null",
            "options": {
                "alertThreshold": true
            },
            "percentage": false,
            "pluginVersion": "7.5.13",
            "pointradius": 2,
            "points": false,
            "renderer": "flot",
            "seriesOverrides": [],
            "spaceLength": 10,
            "stack": false,
            "steppedLine": false,
            "targets": [
                {
                    "exemplar": false,
                    "expr": "histogram_quantile(0.99, sum(rate(xcp_edge_istio_config_reconcile_time_ms_bucket{cluster_name=\"$cluster\"}[5m])) by (le))",
                    "interval": "",
                    "legendFormat": "p99",
                    "refId": "A"
                },
                {
                    "exemplar": true,
                    "expr": "histogram_quantile(0.95, sum(rate(xcp_edge_istio_config_reconcile_time_ms_bucket{cluster_name=\"$cluster\"}[5m])) by (le))",
                    "hide": false,
                    "interval": "",
                    "legendFormat": "p95",
                    "refId": "B"
                }
            ],
            "thresholds": [],
            "timeFrom": null,
            "timeRegions": [],
            "timeShift": null,
            "title": "Istio config reconcile time (ms)",
            "tooltip": {
                "shared": true,
                "sort": 0,
                "value_type": "individual"
            },
            "type": "graph",
            "xaxis": {
                "buckets": null,
                "mode": "time",
                "name": null,
                "show": true,
                "values": []
            },
            "yaxes": [
                {
                    "format": "short",
                    "logBase": 1,
                    "show": true
                },
                {
                    "format": "short",
                    "logBase": 1,
                    "show": true
                }
            ],
            "yaxis": {
                "align": false
            }
        },
        {
            "collapsed": false,
            "datasource": null,
            "gridPos": {
                "h": 1,
                "w": 24,
                "x": 0,
                "y": 52
            },
            "id": 14,
            "panels": [],
            "title": "Resource activity",
            "type": "row"
        },
        {
            "aliasColors": {},
            "bars": false,
            "dashLength": 10,
            "dashes": false,
            "datasource": null,
            "description": "Shows the activity of Edge creating objects in K8s API, grouped by object kind.",
            "fieldConfig": {
                "defaults": {},
                "overrides": []
            },
            "fill": 1,
            "fillGradient": 0,
            "gridPos": {
                "h": 8,
                "w": 12,
                "x": 0,
                "y": 53
            },
            "hiddenSeries": false,
            "id": 6,
            "legend": {
                "alignAsTable": true,
                "avg": true,
                "current": true,
                "max": false,
                "min": false,
                "rightSide": true,
                "show": true,
                "total": true,
                "values": true
            },
            "lines": true,
            "linewidth": 1,
            "nullPointMode": "null",
            "options": {
                "alertThreshold": true
            },
            "percentage": false,
            "pluginVersion": "7.5.13",
            "pointradius": 2,
            "points": false,
            "renderer": "flot",
            "seriesOverrides": [],
            "spaceLength": 10,
            "stack": false,
            "steppedLine": false,
            "targets": [
                {
                    "exemplar": false,
                    "expr": "increase(xcp_edge_cr_added{cluster_name=\"$cluster\"}[5m]) OR increase(xcp_edge_cr_updated{cluster_name=\"$cluster\"}[5m])",
                    "interval": "",
                    "legendFormat": "{{ group }}/{{ kind }} ",
                    "refId": "A"
                }
            ],
            "thresholds": [],
            "timeFrom": null,
            "timeRegions": [],
            "timeShift": null,
            "title": "Number of configs created/updated by edge at k8s apiserver  every 5 minutes",
            "tooltip": {
                "shared": true,
                "sort": 0,
                "value_type": "individual"
            },
            "type": "graph",
            "xaxis": {
                "buckets": null,
                "mode": "time",
                "name": null,
                "show": true,
                "values": []
            },
            "yaxes": [
                {
                    "format": "short",
                    "logBase": 1,
                    "min": "0",
                    "show": true
                },
                {
                    "format": "short",
                    "logBase": 1,
                    "show": true
                }
            ],
            "yaxis": {
                "align": false
            }
        },
        {
            "aliasColors": {},
            "bars": false,
            "dashLength": 10,
            "dashes": false,
            "datasource": null,
            "description": "Shows the activity of Edge deleting objects in K8s API, grouped by object kind.",
            "fieldConfig": {
                "defaults": {},
                "overrides": []
            },
            "fill": 1,
            "fillGradient": 0,
            "gridPos": {
                "h": 8,
                "w": 12,
                "x": 12,
                "y": 53
            },
            "hiddenSeries": false,
            "id": 7,
            "legend": {
                "alignAsTable": true,
                "avg": false,
                "current": true,
                "max": false,
                "min": false,
                "rightSide": true,
                "show": true,
                "total": false,
                "values": true
            },
            "lines": true,
            "linewidth": 1,
            "nullPointMode": "null",
            "options": {
                "alertThreshold": true
            },
            "percentage": false,
            "pluginVersion": "7.5.13",
            "pointradius": 2,
            "points": false,
            "renderer": "flot",
            "seriesOverrides": [],
            "spaceLength": 10,
            "stack": false,
            "steppedLine": false,
            "targets": [
                {
                    "exemplar": false,
                    "expr": "increase(xcp_edge_cr_deleted{cluster_name=\"$cluster\"}[5m])",
                    "interval": "",
                    "legendFormat": "{{ group }}/{{ kind }}",
                    "refId": "A"
                }
            ],
            "thresholds": [],
            "timeFrom": null,
            "timeRegions": [],
            "timeShift": null,
            "title": "Number of configs deleted by edge from k8s apiserver  every 5 minutes",
            "tooltip": {
                "shared": true,
                "sort": 0,
                "value_type": "individual"
            },
            "type": "graph",
            "xaxis": {
                "buckets": null,
                "mode": "time",
                "name": null,
                "show": true,
                "values": []
            },
            "yaxes": [
                {
                    "format": "short",
                    "logBase": 1,
                    "min": "0",
                    "show": true
                },
                {
                    "format": "short",
                    "logBase": 1,
                    "show": true
                }
            ],
            "yaxis": {
                "align": false
            }
        },
        {
            "aliasColors": {},
            "bars": false,
            "dashLength": 10,
            "dashes": false,
            "datasource": null,
            "description": "Time (in ms) taken to propagate a change in the local cluster state to remote central",
            "fieldConfig": {
                "defaults": {},
                "overrides": []
            },
            "fill": 1,
            "fillGradient": 0,
            "gridPos": {
                "h": 8,
                "w": 12,
                "x": 0,
                "y": 61
            },
            "hiddenSeries": false,
            "id": 10,
            "legend": {
                "avg": false,
                "current": false,
                "max": false,
                "min": false,
                "show": true,
                "total": false,
                "values": false
            },
            "lines": true,
            "linewidth": 1,
            "nullPointMode": "null",
            "options": {
                "alertThreshold": true
            },
            "percentage": false,
            "pluginVersion": "7.5.13",
            "pointradius": 2,
            "points": false,
            "renderer": "flot",
            "seriesOverrides": [],
            "spaceLength": 10,
            "stack": false,
            "steppedLine": false,
            "targets": [
                {
                    "exemplar": false,
                    "expr": "histogram_quantile(0.50, sum(rate(xcp_edge_local_cluster_update_propagation_time_ms_bucket{cluster_name=\"$cluster\"}[5m])) by (le)) / 1000",
                    "interval": "",
                    "legendFormat": "",
                    "refId": "A"
                },
                {
                    "exemplar": false,
                    "expr": "histogram_quantile(0.95, sum(rate(xcp_edge_local_cluster_update_propagation_time_ms_bucket{cluster_name=\"$cluster\"}[5m])) by (le)) / 1000",
                    "hide": true,
                    "interval": "",
                    "legendFormat": "p95",
                    "refId": "B"
                }
            ],
            "thresholds": [],
            "timeFrom": null,
            "timeRegions": [],
            "timeShift": null,
            "title": "latency in cluster-state propagation to central (ms)",
            "tooltip": {
                "shared": true,
                "sort": 0,
                "value_type": "individual"
            },
            "type": "graph",
            "xaxis": {
                "buckets": null,
                "mode": "time",
                "name": null,
                "show": true,
                "values": []
            },
            "yaxes": [
                {
                    "format": "short",
                    "logBase": 1,
                    "show": true
                },
                {
                    "format": "short",
                    "logBase": 1,
                    "show": true
                }
            ],
            "yaxis": {
                "align": false
            }
        },
        {
            "collapsed": false,
            "datasource": null,
            "gridPos": {
                "h": 1,
                "w": 24,
                "x": 0,
                "y": 69
            },
            "id": 35,
            "panels": [],
            "title": "Internals",
            "type": "row"
        },
        {
            "datasource": null,
            "description": "",
            "fieldConfig": {
                "defaults": {
                    "color": {
                        "mode": "thresholds"
                    },
                    "mappings": [],
                    "thresholds": {
                        "mode": "absolute",
                        "steps": [
                            {
                                "color": "green",
                                "value": null
                            }
                        ]
                    },
                    "unit": "short"
                },
                "overrides": []
            },
            "gridPos": {
                "h": 5,
                "w": 5,
                "x": 0,
                "y": 70
            },
            "id": 40,
            "options": {
                "orientation": "auto",
                "reduceOptions": {
                    "calcs": ["lastNotNull"],
                    "fields": "",
                    "values": false
                },
                "showThresholdLabels": false,
                "showThresholdMarkers": true,
                "text": {}
            },
            "pluginVersion": "7.5.13",
            "targets": [
                {
                    "exemplar": false,
                    "expr": "go_goroutines{cluster_name=\"$cluster\", component=\"xcp\"}",
                    "hide": false,
                    "instant": true,
                    "interval": "",
                    "legendFormat": "All goroutines",
                    "refId": "B"
                }
            ],
            "title": "All goroutines",
            "type": "gauge"
        },
        {
            "aliasColors": {},
            "bars": false,
            "dashLength": 10,
            "dashes": false,
            "datasource": null,
            "description": "This shows the number of active goroutines in XCP Edge that are responsible for config translation.",
            "fieldConfig": {
                "defaults": {
                    "unit": "short"
                },
                "overrides": []
            },
            "fill": 1,
            "fillGradient": 0,
            "gridPos": {
                "h": 5,
                "w": 19,
                "x": 5,
                "y": 70
            },
            "hiddenSeries": false,
            "id": 37,
            "legend": {
                "alignAsTable": true,
                "avg": false,
                "current": false,
                "max": false,
                "min": false,
                "rightSide": true,
                "show": true,
                "total": false,
                "values": false
            },
            "lines": true,
            "linewidth": 1,
            "nullPointMode": "null",
            "options": {
                "alertThreshold": true
            },
            "percentage": false,
            "pluginVersion": "7.5.13",
            "pointradius": 2,
            "points": false,
            "renderer": "flot",
            "seriesOverrides": [],
            "spaceLength": 10,
            "stack": false,
            "steppedLine": false,
            "targets": [
                {
                    "exemplar": false,
                    "expr": "increase(xcp_edge_go_routine_count{cluster_name=\"$cluster\"}[1m])",
                    "format": "time_series",
                    "hide": false,
                    "instant": false,
                    "interval": "",
                    "legendFormat": "{{go_routine}}",
                    "refId": "A"
                }
            ],
            "thresholds": [],
            "timeFrom": null,
            "timeRegions": [],
            "timeShift": null,
            "title": "Edge specific gorountines",
            "tooltip": {
                "shared": true,
                "sort": 0,
                "value_type": "individual"
            },
            "type": "graph",
            "xaxis": {
                "buckets": null,
                "mode": "time",
                "name": null,
                "show": true,
                "values": []
            },
            "yaxes": [
                {
                    "decimals": 0,
                    "format": "short",
                    "logBase": 1,
                    "min": "0",
                    "show": true
                },
                {
                    "format": "short",
                    "logBase": 1,
                    "show": true
                }
            ],
            "yaxis": {
                "align": false
            }
        },
        {
            "aliasColors": {},
            "bars": false,
            "dashLength": 10,
            "dashes": false,
            "datasource": null,
            "fieldConfig": {
                "defaults": {},
                "overrides": []
            },
            "fill": 1,
            "fillGradient": 0,
            "gridPos": {
                "h": 8,
                "w": 9,
                "x": 0,
                "y": 75
            },
            "hiddenSeries": false,
            "id": 46,
            "legend": {
                "avg": false,
                "current": false,
                "max": false,
                "min": false,
                "show": true,
                "total": false,
                "values": false
            },
            "lines": true,
            "linewidth": 1,
            "nullPointMode": "null",
            "options": {
                "alertThreshold": true
            },
            "percentage": false,
            "pluginVersion": "7.5.13",
            "pointradius": 2,
            "points": false,
            "renderer": "flot",
            "seriesOverrides": [],
            "spaceLength": 10,
            "stack": false,
            "steppedLine": false,
            "targets": [
                {
                    "datasource": {
                        "type": "prometheus",
                        "uid": "P1809F7CD0C75ACF3"
                    },
                    "editorMode": "code",
                    "expr": "rate(process_cpu_seconds_total{job=\"edge-xcp\",cluster_name=\"$cluster\"}[1m])",
                    "legendFormat": "{{job}}",
                    "range": true,
                    "refId": "A"
                }
            ],
            "thresholds": [],
            "timeFrom": null,
            "timeRegions": [],
            "timeShift": null,
            "title": "Edge CPU consumption",
            "tooltip": {
                "shared": true,
                "sort": 0,
                "value_type": "individual"
            },
            "type": "graph",
            "xaxis": {
                "buckets": null,
                "mode": "time",
                "name": null,
                "show": true,
                "values": []
            },
            "yaxes": [
                {
                    "format": "short",
                    "logBase": 1,
                    "show": true
                },
                {
                    "format": "short",
                    "logBase": 1,
                    "show": true
                }
            ],
            "yaxis": {
                "align": false
            }
        },
        {
            "aliasColors": {},
            "bars": false,
            "dashLength": 10,
            "dashes": false,
            "datasource": null,
            "fieldConfig": {
                "defaults": {
                    "unit": "bytes"
                },
                "overrides": []
            },
            "fill": 1,
            "fillGradient": 0,
            "gridPos": {
                "h": 8,
                "w": 15,
                "x": 9,
                "y": 75
            },
            "hiddenSeries": false,
            "id": 42,
            "legend": {
                "alignAsTable": true,
                "avg": true,
                "current": true,
                "max": true,
                "min": false,
                "rightSide": true,
                "show": true,
                "total": false,
                "values": true
            },
            "lines": true,
            "linewidth": 1,
            "nullPointMode": "null",
            "options": {
                "alertThreshold": true
            },
            "percentage": false,
            "pluginVersion": "7.5.13",
            "pointradius": 2,
            "points": false,
            "renderer": "flot",
            "seriesOverrides": [],
            "spaceLength": 10,
            "stack": false,
            "steppedLine": false,
            "targets": [
                {
                    "datasource": null,
                    "editorMode": "code",
                    "exemplar": true,
                    "expr": "go_memstats_heap_inuse_bytes{component=\"xcp\",cluster_name=\"$cluster\"}",
                    "interval": "",
                    "legendFormat": "Heap InUse",
                    "range": true,
                    "refId": "A"
                },
                {
                    "datasource": null,
                    "exemplar": true,
                    "expr": "go_memstats_stack_inuse_bytes{component=\"xcp\",cluster_name=\"$cluster\"}",
                    "hide": false,
                    "interval": "",
                    "legendFormat": "Stack InUse",
                    "refId": "B"
                }
            ],
            "thresholds": [],
            "timeFrom": null,
            "timeRegions": [],
            "timeShift": null,
            "title": "Edge memory consumption",
            "tooltip": {
                "shared": true,
                "sort": 0,
                "value_type": "individual"
            },
            "type": "graph",
            "xaxis": {
                "buckets": null,
                "mode": "time",
                "name": null,
                "show": true,
                "values": []
            },
            "yaxes": [
                {
                    "format": "bytes",
                    "logBase": 1,
                    "show": true
                },
                {
                    "format": "short",
                    "logBase": 1,
                    "show": true
                }
            ],
            "yaxis": {
                "align": false
            }
        }
    ],
    "refresh": "1m",
    "schemaVersion": 27,
    "style": "dark",
    "tags": ["tsb", "xcp", "edge"],
    "templating": {
        "list": [
            {
                "allValue": null,
                "current": {
                    "selected": false,
                    "text": "demo",
                    "value": "demo"
                },
                "datasource": null,
                "definition": "label_values(xcp_edge_stream_connect_count,cluster_name)",
                "description": "Name of the edge cluster",
                "error": null,
                "hide": 0,
                "includeAll": false,
                "label": "cluster",
                "multi": false,
                "name": "cluster",
                "options": [],
                "query": {
                    "query": "label_values(cluster_name)",
                    "refId": "StandardVariableQuery"
                },
                "refresh": 1,
                "regex": "",
                "skipUrlSync": false,
                "sort": 0,
                "tagValuesQuery": "",
                "tags": [],
                "tagsQuery": "",
                "type": "query",
                "useTags": false
            }
        ]
    },
    "time": {
        "from": "now-5m",
        "to": "now"
    },
    "timepicker": {},
    "timezone": "utc",
    "title": "XCP Edge status",
    "uid": "UDv9x9SVz",
    "version": 9
}
